customer_id,customer_name,phone,total_loan_amount,emi_paid_amount,emi_left_to_repay,monthly_emi,emis_paid_count,emis_remaining_count,total_tenure_months,interest_rate_pct,loan_disbursed_date,next_due_date,days_past_due,risk_score,risk_tier,payment_status,payment_link
385057,Nancy,+917060200849,100000.0,36497.49,63502.51,12000.0,3,6,9,11.5,2026-04-30,2026-08-30,40,84.2,High Risk,Overdue (40 days),https://pay.repayx.ai/inv/385057
385058,Sid,+919105830551,100000.0,57250.0,42750.0,20000.0,3,3,6,10.5,2026-05-14,2026-09-14,25,71.8,High Risk,Overdue (25 days),https://pay.repayx.ai/inv/385058
385059,Ajay,+918077815522,75000.0,46100.0,28900.0,15000.0,3,2,5,12.0,2026-05-21,2026-09-21,18,64.5,Medium Risk,Overdue (18 days),https://pay.repayx.ai/inv/385059
385000,Priya Parihar (Admin Account),+918650629360,150000.0,95000.0,55000.0,18500.0,5,3,8,9.8,2026-03-15,2026-09-15,24,76.0,High Risk,Overdue (24 days),https://pay.repayx.ai/inv/385000
385001,Aarav Sharma,+918650629360,406871.83,390721.07,16150.76,33905.99,11,1,12,11.0,2026-03-01,2026-09-14,14,50.5,Medium Risk,Overdue (14 days),https://pay.repayx.ai/inv/385001
385002,Aditi Malhotra,+918650629360,309953.78,276365.5,33588.28,25829.48,10,2,12,11.0,2026-03-01,2026-09-08,53,72.9,High Risk,Overdue (53 days),https://pay.repayx.ai/inv/385002
385003,Advait Reddy,+918650629360,112191.8,35948.68,76243.12,9349.32,3,9,12,11.0,2026-03-01,2026-09-11,63,77.6,High Risk,Overdue (63 days),https://pay.repayx.ai/inv/385003
385004,Akash Iyer,+918650629360,341892.71,299841.09,42051.62,28491.06,10,2,12,11.0,2026-03-01,2026-09-13,37,80.2,High Risk,Overdue (37 days),https://pay.repayx.ai/inv/385004
385005,Alok Deshmukh,+918650629360,77822.06,17703.19,60118.87,6485.17,2,10,12,11.0,2026-03-01,2026-09-25,71,78.0,High Risk,Overdue (71 days),https://pay.repayx.ai/inv/385005
385006,Amit Mehta,+918647308985,383644.17,350047.18,33596.99,31970.35,10,2,12,11.0,2026-03-01,2026-09-12,21,72.5,High Risk,Overdue (21 days),https://pay.repayx.ai/inv/385006
385007,Ananya Bhatia,+919791756179,263655.95,182900.09,80755.86,21971.33,8,4,12,11.0,2026-03-01,2026-09-15,56,77.3,High Risk,Overdue (56 days),https://pay.repayx.ai/inv/385007
385008,Anil Sundaram,+918853524491,360399.96,299519.98,60879.98,30033.33,9,3,12,11.0,2026-03-01,2026-09-02,50,95.7,High Risk,Overdue (50 days),https://pay.repayx.ai/inv/385008
385009,Aniruddh Saxena,+917038538251,208252.76,197531.86,10720.9,17354.4,11,1,12,11.0,2026-03-01,2026-09-15,25,58.0,Medium Risk,Overdue (25 days),https://pay.repayx.ai/inv/385009
385010,Anjali Hegde,+918788461803,283413.17,215498.91,67914.26,23617.76,9,3,12,11.0,2026-03-01,2026-09-05,49,74.1,High Risk,Overdue (49 days),https://pay.repayx.ai/inv/385010
385011,Ankit Mishra,+919994214382,322192.49,301035.69,21156.8,26849.37,11,1,12,11.0,2026-03-01,2026-09-13,22,72.8,High Risk,Overdue (22 days),https://pay.repayx.ai/inv/385011
385012,Anushka Pillai,+919825374874,264788.13,211337.47,53450.66,22065.68,9,3,12,11.0,2026-03-01,2026-09-21,50,95.9,High Risk,Overdue (50 days),https://pay.repayx.ai/inv/385012
385013,Arjun Bhardwaj,+918777187530,253072.67,224476.1,28596.57,21089.39,10,2,12,11.0,2026-03-01,2026-09-21,15,78.0,High Risk,Overdue (15 days),https://pay.repayx.ai/inv/385013
385014,Arnav Garg,+917031682744,361450.59,302649.59,58801.0,30120.88,10,2,12,11.0,2026-03-01,2026-09-01,24,86.8,High Risk,Overdue (24 days),https://pay.repayx.ai/inv/385014
385015,Aryan Bansal,+918742138745,401203.84,375708.7,25495.14,33433.65,11,1,12,11.0,2026-03-01,2026-09-03,38,83.0,High Risk,Overdue (38 days),https://pay.repayx.ai/inv/385015
385016,Ayush Mahajan,+919927232410,428739.47,394311.87,34427.6,35728.29,11,1,12,11.0,2026-03-01,2026-09-17,24,66.3,Medium Risk,Overdue (24 days),https://pay.repayx.ai/inv/385016
385017,Bhavna Chhabra,+918851837852,318674.78,304168.03,14506.75,26556.23,11,1,12,11.0,2026-03-01,2026-09-17,24,58.5,Medium Risk,Overdue (24 days),https://pay.repayx.ai/inv/385017
385018,Chetan Verma,+919484346088,138086.95,115797.21,22289.74,11507.25,10,2,12,11.0,2026-03-01,2026-09-21,16,76.8,High Risk,Overdue (16 days),https://pay.repayx.ai/inv/385018
385019,Deepak Singh,+919779008866,317591.11,297486.44,20104.67,26465.93,11,1,12,11.0,2026-03-01,2026-09-05,36,72.2,High Risk,Overdue (36 days),https://pay.repayx.ai/inv/385019
385020,Dev Choudhury,+919164634663,88772.33,64790.83,23981.5,7397.69,8,4,12,11.0,2026-03-01,2026-09-14,14,67.6,Medium Risk,Overdue (14 days),https://pay.repayx.ai/inv/385020
385021,Divya Banerjee,+919718135295,185721.04,164091.57,21629.47,15476.75,10,2,12,11.0,2026-03-01,2026-09-08,56,92.5,High Risk,Overdue (56 days),https://pay.repayx.ai/inv/385021
385022,Gaurav Kulkarni,+918772092888,419306.24,391914.03,27392.21,34942.19,11,1,12,11.0,2026-03-01,2026-09-28,26,84.2,High Risk,Overdue (26 days),https://pay.repayx.ai/inv/385022
385023,Geeta Shah,+919822517517,389478.29,363522.52,25955.77,32456.52,11,1,12,11.0,2026-03-01,2026-09-16,24,52.0,Medium Risk,Overdue (24 days),https://pay.repayx.ai/inv/385023
385024,Harsh Kapoor,+918610289289,156081.22,77617.55,78463.67,13006.77,5,7,12,11.0,2026-03-01,2026-09-15,25,92.5,High Risk,Overdue (25 days),https://pay.repayx.ai/inv/385024
385025,Isha Mukherjee,+919398834863,111918.73,44974.87,66943.86,9326.56,4,8,12,11.0,2026-03-01,2026-09-02,65,88.3,High Risk,Overdue (65 days),https://pay.repayx.ai/inv/385025
385026,Ishaan Chawla,+919888406989,417754.85,349640.49,68114.36,34812.9,10,2,12,11.0,2026-03-01,2026-09-02,18,84.3,High Risk,Overdue (18 days),https://pay.repayx.ai/inv/385026
385027,Jaya Chopra,+919741568532,426638.45,421001.46,5636.99,35553.2,11,1,12,11.0,2026-03-01,2026-09-19,12,27.0,Low Risk,Overdue (12 days),https://pay.repayx.ai/inv/385027
385028,Kabir Tiwari,+919480166708,154306.28,108218.21,46088.07,12858.86,8,4,12,11.0,2026-03-01,2026-09-11,52,86.3,High Risk,Overdue (52 days),https://pay.repayx.ai/inv/385028
385029,Karan Menon,+919152436584,424293.71,361290.47,63003.24,35357.81,10,2,12,11.0,2026-03-01,2026-09-20,34,80.6,High Risk,Overdue (34 days),https://pay.repayx.ai/inv/385029
385030,Kavita Yadav,+919345594597,189603.53,185261.03,4342.5,15800.29,11,1,12,11.0,2026-03-01,2026-09-08,6,49.4,Low Risk,Overdue (6 days),https://pay.repayx.ai/inv/385030
385031,Kiran Kohli,+918792097999,372839.98,298979.07,73860.91,31070.0,9,3,12,11.0,2026-03-01,2026-09-22,60,74.5,High Risk,Overdue (60 days),https://pay.repayx.ai/inv/385031
385032,Kunal Dubey,+918725492573,346966.67,320718.56,26248.11,28913.89,11,1,12,11.0,2026-03-01,2026-09-10,11,56.0,Medium Risk,Overdue (11 days),https://pay.repayx.ai/inv/385032
385033,Madhav Sood,+918777834855,412134.6,397841.07,14293.53,34344.55,11,1,12,11.0,2026-03-01,2026-09-03,27,64.4,Medium Risk,Overdue (27 days),https://pay.repayx.ai/inv/385033
385034,Madhuri Khanna,+919995511909,114632.79,104486.53,10146.26,9552.73,10,2,12,11.0,2026-03-01,2026-09-23,17,66.6,Medium Risk,Overdue (17 days),https://pay.repayx.ai/inv/385034
385035,Manish Gupta,+919983227889,197686.39,174645.05,23041.34,16473.87,10,2,12,11.0,2026-03-01,2026-09-14,71,70.7,High Risk,Overdue (71 days),https://pay.repayx.ai/inv/385035
385036,Mayank Patel,+919858024342,149811.9,71580.14,78231.76,12484.32,5,7,12,11.0,2026-03-01,2026-09-25,65,78.4,High Risk,Overdue (65 days),https://pay.repayx.ai/inv/385036
385037,Meera Nair,+919941774346,440482.41,357235.33,83247.08,36706.87,9,3,12,11.0,2026-03-01,2026-09-14,62,92.8,High Risk,Overdue (62 days),https://pay.repayx.ai/inv/385037
385038,Mohit Chatterjee,+918699913412,374299.73,334043.3,40256.43,31191.64,10,2,12,11.0,2026-03-01,2026-09-26,74,89.3,High Risk,Overdue (74 days),https://pay.repayx.ai/inv/385038
385039,Mukesh Joshi,+918836786211,234121.29,224114.45,10006.84,19510.11,11,1,12,11.0,2026-03-01,2026-09-26,22,57.7,Medium Risk,Overdue (22 days),https://pay.repayx.ai/inv/385039
385040,Neha Agarwal,+917047393469,436755.64,410594.78,26160.86,36396.3,11,1,12,11.0,2026-03-01,2026-09-21,19,54.5,Medium Risk,Overdue (19 days),https://pay.repayx.ai/inv/385040
385041,Nikhil Reddy,+919825480907,154486.08,79960.78,74525.3,12873.84,6,6,12,11.0,2026-03-01,2026-09-09,36,87.8,High Risk,Overdue (36 days),https://pay.repayx.ai/inv/385041
385042,Nisha Pandey,+917068571795,254569.22,213408.18,41161.04,21214.1,10,2,12,11.0,2026-03-01,2026-09-19,65,85.7,High Risk,Overdue (65 days),https://pay.repayx.ai/inv/385042
385043,Nitish Roy,+919336445607,77989.52,30773.67,47215.85,6499.13,4,8,12,11.0,2026-03-01,2026-09-11,48,71.6,High Risk,Overdue (48 days),https://pay.repayx.ai/inv/385043
385044,Pankaj Nambiar,+919351511484,180473.16,168232.9,12240.26,15039.43,11,1,12,11.0,2026-03-01,2026-09-18,16,63.3,Medium Risk,Overdue (16 days),https://pay.repayx.ai/inv/385044
385045,Pooja Bhatt,+919992613013,212430.07,131425.7,81004.37,17702.51,7,5,12,11.0,2026-03-01,2026-09-10,58,81.2,High Risk,Overdue (58 days),https://pay.repayx.ai/inv/385045
385046,Pranav Singhania,+917072409658,320250.89,263391.91,56858.98,26687.57,9,3,12,11.0,2026-03-01,2026-09-26,56,81.5,High Risk,Overdue (56 days),https://pay.repayx.ai/inv/385046
385047,Prateek Thakur,+918779182797,297704.32,292252.87,5451.45,24808.69,11,1,12,11.0,2026-03-01,2026-09-25,4,44.5,Low Risk,Overdue (4 days),https://pay.repayx.ai/inv/385047
385048,Preeti Dhawan,+919816202700,240054.54,168014.83,72039.71,20004.55,8,4,12,11.0,2026-03-01,2026-09-03,24,78.4,High Risk,Overdue (24 days),https://pay.repayx.ai/inv/385048
385049,Priya Tripathi,+918676354180,109028.54,52458.59,56569.95,9085.71,5,7,12,11.0,2026-03-01,2026-09-25,60,93.1,High Risk,Overdue (60 days),https://pay.repayx.ai/inv/385049
385050,Rahul Kashyap,+919979519112,272962.32,243723.39,29238.93,22746.86,10,2,12,11.0,2026-03-01,2026-09-04,14,67.7,Medium Risk,Overdue (14 days),https://pay.repayx.ai/inv/385050
385051,Rajesh Sharma,+919452587010,406570.37,343842.66,62727.71,33880.86,10,2,12,11.0,2026-03-01,2026-09-24,50,90.9,High Risk,Overdue (50 days),https://pay.repayx.ai/inv/385051
385052,Rakesh Malhotra,+919973709724,350710.71,318132.49,32578.22,29225.89,10,2,12,11.0,2026-03-01,2026-09-09,21,58.5,Medium Risk,Overdue (21 days),https://pay.repayx.ai/inv/385052
385053,Rani Reddy,+919120399639,143797.43,118501.97,25295.46,11983.12,9,3,12,11.0,2026-03-01,2026-09-18,15,60.4,Medium Risk,Overdue (15 days),https://pay.repayx.ai/inv/385053
385054,Rhea Iyer,+918818620650,182352.56,138689.2,43663.36,15196.05,9,3,12,11.0,2026-03-01,2026-09-02,24,74.3,High Risk,Overdue (24 days),https://pay.repayx.ai/inv/385054
385055,Rishabh Deshmukh,+919887267850,52358.43,0.0,78624.18,4363.2,1,11,12,11.0,2026-03-01,2026-09-25,52,81.2,High Risk,Overdue (52 days),https://pay.repayx.ai/inv/385055
385056,Ritu Mehta,+919390967191,245291.79,171297.97,73993.82,20440.98,8,4,12,11.0,2026-03-01,2026-09-16,49,93.2,High Risk,Overdue (49 days),https://pay.repayx.ai/inv/385056
385060,Sameer Hegde,+919814164775,129744.27,118767.61,10976.66,10812.02,10,2,12,11.0,2026-03-01,2026-09-05,13,33.6,Low Risk,Overdue (13 days),https://pay.repayx.ai/inv/385060
385061,Sanjay Mishra,+918872415804,356759.24,331095.15,25664.09,29729.94,11,1,12,11.0,2026-03-01,2026-09-20,75,82.6,High Risk,Overdue (75 days),https://pay.repayx.ai/inv/385061
385062,Sanya Pillai,+918724508768,421554.87,409110.26,12444.61,35129.57,11,1,12,11.0,2026-03-01,2026-09-13,5,42.6,Low Risk,Overdue (5 days),https://pay.repayx.ai/inv/385062
385063,Shalini Bhardwaj,+918823676961,170633.07,147541.31,23091.76,14219.42,10,2,12,11.0,2026-03-01,2026-09-26,59,88.7,High Risk,Overdue (59 days),https://pay.repayx.ai/inv/385063
385064,Shivam Garg,+919367495923,77582.69,7146.12,70436.57,6465.22,1,11,12,11.0,2026-03-01,2026-09-01,37,95.6,High Risk,Overdue (37 days),https://pay.repayx.ai/inv/385064
385065,Shivani Bansal,+919130534124,343518.12,331774.11,11744.01,28626.51,11,1,12,11.0,2026-03-01,2026-09-09,18,66.4,Medium Risk,Overdue (18 days),https://pay.repayx.ai/inv/385065
385066,Shreya Mahajan,+918689520597,390685.26,361544.58,29140.68,32557.1,11,1,12,11.0,2026-03-01,2026-09-03,21,68.4,Medium Risk,Overdue (21 days),https://pay.repayx.ai/inv/385066
385067,Shubham Chhabra,+919499682738,61480.0,0.0,68281.91,5123.33,1,11,12,11.0,2026-03-01,2026-09-06,51,82.0,High Risk,Overdue (51 days),https://pay.repayx.ai/inv/385067
385068,Siddharth Verma,+919447080140,256650.9,221341.29,35309.61,21387.58,10,2,12,11.0,2026-03-01,2026-09-08,32,79.5,High Risk,Overdue (32 days),https://pay.repayx.ai/inv/385068
385069,Simran Singh,+919196691619,229269.82,200557.54,28712.28,19105.82,10,2,12,11.0,2026-03-01,2026-09-10,29,59.8,Medium Risk,Overdue (29 days),https://pay.repayx.ai/inv/385069
385070,Sneha Choudhury,+917073519947,187502.96,148987.16,38515.8,15625.25,9,3,12,11.0,2026-03-01,2026-09-18,52,88.1,High Risk,Overdue (52 days),https://pay.repayx.ai/inv/385070
385071,Sonam Banerjee,+918826194158,176219.18,140067.78,36151.4,14684.93,9,3,12,11.0,2026-03-01,2026-09-25,31,88.4,High Risk,Overdue (31 days),https://pay.repayx.ai/inv/385071
385072,Suresh Kulkarni,+919480415568,442204.25,414000.53,28203.72,36850.35,11,1,12,11.0,2026-03-01,2026-09-10,15,53.8,Medium Risk,Overdue (15 days),https://pay.repayx.ai/inv/385072
385073,Swati Shah,+919946817443,71810.41,52862.47,18947.94,5984.2,8,4,12,11.0,2026-03-01,2026-09-05,49,75.1,High Risk,Overdue (49 days),https://pay.repayx.ai/inv/385073
385074,Tanvi Kapoor,+919448163378,226187.52,214520.24,11667.28,18848.96,11,1,12,11.0,2026-03-01,2026-09-02,7,65.1,Medium Risk,Overdue (7 days),https://pay.repayx.ai/inv/385074
385075,Tarun Mukherjee,+918676001106,301778.28,276134.44,25643.84,25148.19,10,2,12,11.0,2026-03-01,2026-09-05,19,92.5,High Risk,Overdue (19 days),https://pay.repayx.ai/inv/385075
385076,Utkarsh Chawla,+919784903294,292527.06,281312.36,11214.7,24377.26,11,1,12,11.0,2026-03-01,2026-09-08,14,69.0,Medium Risk,Overdue (14 days),https://pay.repayx.ai/inv/385076
385077,Varun Chopra,+919467556566,298410.93,265789.82,32621.11,24867.58,10,2,12,11.0,2026-03-01,2026-09-24,16,57.6,Medium Risk,Overdue (16 days),https://pay.repayx.ai/inv/385077
385078,Vedant Tiwari,+919731079846,270796.9,210887.39,59909.51,22566.41,9,3,12,11.0,2026-03-01,2026-09-14,31,89.9,High Risk,Overdue (31 days),https://pay.repayx.ai/inv/385078
385079,Vikas Menon,+918747945817,231612.53,194098.16,37514.37,19301.04,10,2,12,11.0,2026-03-01,2026-09-09,29,85.6,High Risk,Overdue (29 days),https://pay.repayx.ai/inv/385079
385080,Vikram Yadav,+918625405014,309053.89,282863.13,26190.76,25754.49,10,2,12,11.0,2026-03-01,2026-09-27,13,62.5,Medium Risk,Overdue (13 days),https://pay.repayx.ai/inv/385080
385081,Vinay Kohli,+919448736657,237479.19,166373.08,71106.11,19789.93,8,4,12,11.0,2026-03-01,2026-09-13,53,72.0,High Risk,Overdue (53 days),https://pay.repayx.ai/inv/385081
385082,Vishal Dubey,+919415350023,343813.57,334634.92,9178.65,28651.13,11,1,12,11.0,2026-03-01,2026-09-01,4,37.3,Low Risk,Overdue (4 days),https://pay.repayx.ai/inv/385082
385083,Yash Sood,+919412784407,318912.63,244903.4,74009.23,26576.05,9,3,12,11.0,2026-03-01,2026-09-02,51,95.0,High Risk,Overdue (51 days),https://pay.repayx.ai/inv/385083
385084,Yuvraj Khanna,+918734359060,224353.99,201860.93,22493.06,18696.17,10,2,12,11.0,2026-03-01,2026-09-03,21,53.5,Medium Risk,Overdue (21 days),https://pay.repayx.ai/inv/385084
385085,Zoya Gupta,+919954265498,248187.61,208676.71,39510.9,20682.3,10,2,12,11.0,2026-03-01,2026-09-13,21,80.9,High Risk,Overdue (21 days),https://pay.repayx.ai/inv/385085
385086,Karthik Patel,+918753389073,359019.17,338193.7,20825.47,29918.26,11,1,12,11.0,2026-03-01,2026-09-27,17,61.0,Medium Risk,Overdue (17 days),https://pay.repayx.ai/inv/385086
385087,Senthil Nair,+919835176902,299053.55,289313.72,9739.83,24921.13,11,1,12,11.0,2026-03-01,2026-09-15,9,41.1,Low Risk,Overdue (9 days),https://pay.repayx.ai/inv/385087
385088,Murugan Chatterjee,+919175056916,439258.73,415979.02,23279.71,36604.89,11,1,12,11.0,2026-03-01,2026-09-08,16,54.1,Medium Risk,Overdue (16 days),https://pay.repayx.ai/inv/385088
385089,Venkatesh Joshi,+919740158811,415171.95,405816.41,9355.54,34597.66,11,1,12,11.0,2026-03-01,2026-09-04,20,56.2,Medium Risk,Overdue (20 days),https://pay.repayx.ai/inv/385089
385090,Deepa Agarwal,+919346698468,242999.83,209750.85,33248.98,20249.99,10,2,12,11.0,2026-03-01,2026-09-15,16,53.1,Medium Risk,Overdue (16 days),https://pay.repayx.ai/inv/385090
385091,Naveen Reddy,+919919369750,366002.47,286237.3,79765.17,30500.21,9,3,12,11.0,2026-03-01,2026-09-26,47,80.3,High Risk,Overdue (47 days),https://pay.repayx.ai/inv/385091
385092,Ashwin Pandey,+919487835998,245856.14,208905.93,36950.21,20488.01,10,2,12,11.0,2026-03-01,2026-09-18,34,91.4,High Risk,Overdue (34 days),https://pay.repayx.ai/inv/385092
385093,Lata Roy,+919153188224,442309.85,373197.38,69112.47,36859.15,10,2,12,11.0,2026-03-01,2026-09-13,39,79.0,High Risk,Overdue (39 days),https://pay.repayx.ai/inv/385093
385094,Sunita Nambiar,+919161167978,315475.53,294551.16,20924.37,26289.63,11,1,12,11.0,2026-03-01,2026-09-05,62,90.3,High Risk,Overdue (62 days),https://pay.repayx.ai/inv/385094
385095,Kamal Bhatt,+917023470708,226122.48,174468.97,51653.51,18843.54,9,3,12,11.0,2026-03-01,2026-09-15,52,71.4,High Risk,Overdue (52 days),https://pay.repayx.ai/inv/385095
385096,Ramesh Singhania,+919773013961,156009.11,79656.6,76352.51,13000.76,6,6,12,11.0,2026-03-01,2026-09-13,24,74.2,High Risk,Overdue (24 days),https://pay.repayx.ai/inv/385096
385097,Dinesh Thakur,+918652501540,404975.47,373814.6,31160.87,33747.96,11,1,12,11.0,2026-03-01,2026-09-18,24,67.0,Medium Risk,Overdue (24 days),https://pay.repayx.ai/inv/385097
385098,Suman Dhawan,+918740532691,223588.59,163300.8,60287.79,18632.38,8,4,12,11.0,2026-03-01,2026-09-21,73,72.2,High Risk,Overdue (73 days),https://pay.repayx.ai/inv/385098
385099,Reena Tripathi,+919816172803,72447.69,59122.21,13325.48,6037.31,9,3,12,11.0,2026-03-01,2026-09-14,16,52.0,Medium Risk,Overdue (16 days),https://pay.repayx.ai/inv/385099
385100,Meenakshi Kashyap,+919932814819,293796.71,237879.53,55917.18,24483.06,9,3,12,11.0,2026-03-01,2026-09-22,65,84.0,High Risk,Overdue (65 days),https://pay.repayx.ai/inv/385100
385101,Aarav Sharma,+918771682508,53758.97,26170.08,27588.89,4479.91,5,7,12,11.0,2026-03-01,2026-09-10,44,93.8,High Risk,Overdue (44 days),https://pay.repayx.ai/inv/385101
385102,Aditi Malhotra,+919450151803,219723.58,199238.61,20484.97,18310.3,10,2,12,11.0,2026-03-01,2026-09-28,18,53.2,Medium Risk,Overdue (18 days),https://pay.repayx.ai/inv/385102
385103,Advait Reddy,+918861185849,279924.77,204751.29,75173.48,23327.06,8,4,12,11.0,2026-03-01,2026-09-10,21,96.0,High Risk,Overdue (21 days),https://pay.repayx.ai/inv/385103
385104,Akash Iyer,+919416582607,348068.86,303549.88,44518.98,29005.74,10,2,12,11.0,2026-03-01,2026-09-10,15,91.7,High Risk,Overdue (15 days),https://pay.repayx.ai/inv/385104
385105,Alok Deshmukh,+918893334601,352230.93,322380.7,29850.23,29352.58,10,2,12,11.0,2026-03-01,2026-09-22,14,54.6,Medium Risk,Overdue (14 days),https://pay.repayx.ai/inv/385105
385106,Amit Mehta,+919851464269,63345.81,30857.31,32488.5,5278.82,5,7,12,11.0,2026-03-01,2026-09-05,27,62.6,Medium Risk,Overdue (27 days),https://pay.repayx.ai/inv/385106
385107,Ananya Bhatia,+918827738187,400584.24,332503.02,68081.22,33382.02,9,3,12,11.0,2026-03-01,2026-09-17,26,78.0,High Risk,Overdue (26 days),https://pay.repayx.ai/inv/385107
385108,Anil Sundaram,+918755461591,237332.56,230877.4,6455.16,19777.71,11,1,12,11.0,2026-03-01,2026-09-25,10,45.3,Low Risk,Overdue (10 days),https://pay.repayx.ai/inv/385108
385109,Aniruddh Saxena,+919359093496,207829.82,196001.33,11828.49,17319.15,11,1,12,11.0,2026-03-01,2026-09-04,9,46.1,Low Risk,Overdue (9 days),https://pay.repayx.ai/inv/385109
385110,Anjali Hegde,+918695704631,93338.44,30291.61,63046.83,7778.2,3,9,12,11.0,2026-03-01,2026-09-01,52,87.7,High Risk,Overdue (52 days),https://pay.repayx.ai/inv/385110
385111,Ankit Mishra,+918896926431,379542.14,362013.98,17528.16,31628.51,11,1,12,11.0,2026-03-01,2026-09-10,26,68.9,Medium Risk,Overdue (26 days),https://pay.repayx.ai/inv/385111
385112,Anushka Pillai,+918776118957,143920.01,133740.99,10179.02,11993.33,11,1,12,11.0,2026-03-01,2026-09-13,8,52.3,Medium Risk,Overdue (8 days),https://pay.repayx.ai/inv/385112
385113,Arjun Bhardwaj,+919366254240,340639.66,272849.27,67790.39,28386.64,9,3,12,11.0,2026-03-01,2026-09-21,75,87.6,High Risk,Overdue (75 days),https://pay.repayx.ai/inv/385113
385114,Arnav Garg,+918714391105,136907.87,91564.11,45343.76,11408.99,8,4,12,11.0,2026-03-01,2026-09-08,75,83.0,High Risk,Overdue (75 days),https://pay.repayx.ai/inv/385114
385115,Aryan Bansal,+917018126895,125923.42,99095.73,26827.69,10493.62,9,3,12,11.0,2026-03-01,2026-09-28,24,52.0,Medium Risk,Overdue (24 days),https://pay.repayx.ai/inv/385115
385116,Ayush Mahajan,+919412866549,183403.66,168888.91,14514.75,15283.64,11,1,12,11.0,2026-03-01,2026-09-26,27,51.8,Medium Risk,Overdue (27 days),https://pay.repayx.ai/inv/385116
385117,Bhavna Chhabra,+919438984499,143199.47,73933.93,69265.54,11933.29,6,6,12,11.0,2026-03-01,2026-09-26,28,72.2,High Risk,Overdue (28 days),https://pay.repayx.ai/inv/385117
385118,Chetan Verma,+919982506491,119798.85,106427.18,13371.67,9983.24,10,2,12,11.0,2026-03-01,2026-09-01,5,25.1,Low Risk,Overdue (5 days),https://pay.repayx.ai/inv/385118
385119,Deepak Singh,+917012118101,70959.61,134.7,70824.91,5913.3,1,11,12,11.0,2026-03-01,2026-09-17,52,79.6,High Risk,Overdue (52 days),https://pay.repayx.ai/inv/385119
385120,Dev Choudhury,+919389680504,251535.48,203501.04,48034.44,20961.29,9,3,12,11.0,2026-03-01,2026-09-02,38,72.1,High Risk,Overdue (38 days),https://pay.repayx.ai/inv/385120
385121,Divya Banerjee,+919196347724,74330.16,48198.68,26131.48,6194.18,7,5,12,11.0,2026-03-01,2026-09-13,16,68.2,Medium Risk,Overdue (16 days),https://pay.repayx.ai/inv/385121
385122,Gaurav Kulkarni,+919720843514,109333.53,43602.64,65730.89,9111.13,4,8,12,11.0,2026-03-01,2026-09-20,43,73.3,High Risk,Overdue (43 days),https://pay.repayx.ai/inv/385122
385123,Geeta Shah,+919349580505,292170.72,274715.9,17454.82,24347.56,11,1,12,11.0,2026-03-01,2026-09-23,26,61.0,Medium Risk,Overdue (26 days),https://pay.repayx.ai/inv/385123
385124,Harsh Kapoor,+918867723010,141397.43,64591.11,76806.32,11783.12,5,7,12,11.0,2026-03-01,2026-09-15,50,87.2,High Risk,Overdue (50 days),https://pay.repayx.ai/inv/385124
385125,Isha Mukherjee,+918760237832,324728.41,285787.67,38940.74,27060.7,10,2,12,11.0,2026-03-01,2026-09-03,35,89.1,High Risk,Overdue (35 days),https://pay.repayx.ai/inv/385125
385126,Ishaan Chawla,+917027463800,284586.03,273075.35,11510.68,23715.5,11,1,12,11.0,2026-03-01,2026-09-11,30,51.9,Medium Risk,Overdue (30 days),https://pay.repayx.ai/inv/385126
385127,Jaya Chopra,+919848604965,190658.47,158944.68,31713.79,15888.21,10,2,12,11.0,2026-03-01,2026-09-07,20,58.2,Medium Risk,Overdue (20 days),https://pay.repayx.ai/inv/385127
385128,Kabir Tiwari,+919359333209,161427.28,86659.87,74767.41,13452.27,6,6,12,11.0,2026-03-01,2026-09-14,37,82.8,High Risk,Overdue (37 days),https://pay.repayx.ai/inv/385128
385129,Karan Menon,+919313523729,313132.49,282853.39,30279.1,26094.37,10,2,12,11.0,2026-03-01,2026-09-01,26,69.5,Medium Risk,Overdue (26 days),https://pay.repayx.ai/inv/385129
385130,Kavita Yadav,+917010819505,107300.6,68598.63,38701.97,8941.72,7,5,12,11.0,2026-03-01,2026-09-03,36,88.4,High Risk,Overdue (36 days),https://pay.repayx.ai/inv/385130
385131,Kiran Kohli,+919338874646,231458.32,211404.29,20054.03,19288.19,10,2,12,11.0,2026-03-01,2026-09-10,62,86.6,High Risk,Overdue (62 days),https://pay.repayx.ai/inv/385131
385132,Kunal Dubey,+919830881581,297135.27,273377.84,23757.43,24761.27,11,1,12,11.0,2026-03-01,2026-09-09,9,65.5,Medium Risk,Overdue (9 days),https://pay.repayx.ai/inv/385132
385133,Madhav Sood,+918738933176,95527.0,36852.91,58674.09,7960.58,4,8,12,11.0,2026-03-01,2026-09-10,41,81.3,High Risk,Overdue (41 days),https://pay.repayx.ai/inv/385133
385134,Madhuri Khanna,+919839597483,289729.98,267029.69,22700.29,24144.16,11,1,12,11.0,2026-03-01,2026-09-10,16,61.9,Medium Risk,Overdue (16 days),https://pay.repayx.ai/inv/385134
385135,Manish Gupta,+917026104026,348805.65,336517.8,12287.85,29067.14,11,1,12,11.0,2026-03-01,2026-09-13,7,43.8,Low Risk,Overdue (7 days),https://pay.repayx.ai/inv/385135
385136,Mayank Patel,+917019673809,346816.53,291382.05,55434.48,28901.38,10,2,12,11.0,2026-03-01,2026-09-15,57,76.4,High Risk,Overdue (57 days),https://pay.repayx.ai/inv/385136
385137,Meera Nair,+918695918360,96069.35,85948.12,10121.23,8005.78,10,2,12,11.0,2026-03-01,2026-09-11,12,46.1,Low Risk,Overdue (12 days),https://pay.repayx.ai/inv/385137
385138,Mohit Chatterjee,+917021828592,92345.25,43518.76,48826.49,7695.44,5,7,12,11.0,2026-03-01,2026-09-13,59,94.7,High Risk,Overdue (59 days),https://pay.repayx.ai/inv/385138
385139,Mukesh Joshi,+918854703713,80551.75,41763.35,38788.4,6712.65,6,6,12,11.0,2026-03-01,2026-09-17,36,80.6,High Risk,Overdue (36 days),https://pay.repayx.ai/inv/385139
385140,Neha Agarwal,+919941711468,152387.29,110979.15,41408.14,12698.94,8,4,12,11.0,2026-03-01,2026-09-05,61,93.6,High Risk,Overdue (61 days),https://pay.repayx.ai/inv/385140
385141,Nikhil Reddy,+919172270726,353950.86,340345.06,13605.8,29495.9,11,1,12,11.0,2026-03-01,2026-09-19,27,63.1,Medium Risk,Overdue (27 days),https://pay.repayx.ai/inv/385141
385142,Nisha Pandey,+917030261159,237568.43,220165.02,17403.41,19797.37,11,1,12,11.0,2026-03-01,2026-09-26,27,69.7,Medium Risk,Overdue (27 days),https://pay.repayx.ai/inv/385142
385143,Nitish Roy,+919170654852,197495.04,145503.47,51991.57,16457.92,8,4,12,11.0,2026-03-01,2026-09-21,34,71.9,High Risk,Overdue (34 days),https://pay.repayx.ai/inv/385143
385144,Pankaj Nambiar,+918672104107,431692.59,406702.37,24990.22,35974.38,11,1,12,11.0,2026-03-01,2026-09-02,23,67.1,Medium Risk,Overdue (23 days),https://pay.repayx.ai/inv/385144
385145,Pooja Bhatt,+919473837847,433088.94,371415.83,61673.11,36090.75,10,2,12,11.0,2026-03-01,2026-09-26,35,91.2,High Risk,Overdue (35 days),https://pay.repayx.ai/inv/385145
385146,Pranav Singhania,+919915253567,225103.31,197531.11,27572.2,18758.61,10,2,12,11.0,2026-03-01,2026-09-17,23,56.9,Medium Risk,Overdue (23 days),https://pay.repayx.ai/inv/385146
385147,Prateek Thakur,+918655414869,70946.21,38079.85,32866.36,5912.18,6,6,12,11.0,2026-03-01,2026-09-11,19,57.3,Medium Risk,Overdue (19 days),https://pay.repayx.ai/inv/385147
385148,Preeti Dhawan,+918798122539,291080.33,227628.91,63451.42,24256.69,9,3,12,11.0,2026-03-01,2026-09-03,33,72.9,High Risk,Overdue (33 days),https://pay.repayx.ai/inv/385148
385149,Priya Tripathi,+918627307598,425200.88,383762.89,41437.99,35433.41,10,2,12,11.0,2026-03-01,2026-09-13,56,74.1,High Risk,Overdue (56 days),https://pay.repayx.ai/inv/385149
385150,Rahul Kashyap,+919322543044,219362.55,207039.91,12322.64,18280.21,11,1,12,11.0,2026-03-01,2026-09-12,29,56.6,Medium Risk,Overdue (29 days),https://pay.repayx.ai/inv/385150
385151,Rajesh Sharma,+919135770506,105026.14,64130.07,40896.07,8752.18,7,5,12,11.0,2026-03-01,2026-09-28,64,94.8,High Risk,Overdue (64 days),https://pay.repayx.ai/inv/385151
385152,Rakesh Malhotra,+919315066382,400557.11,377523.07,23034.04,33379.76,11,1,12,11.0,2026-03-01,2026-09-20,30,60.2,Medium Risk,Overdue (30 days),https://pay.repayx.ai/inv/385152
385153,Rani Reddy,+919432218290,67476.97,0.0,73700.12,5623.08,1,11,12,11.0,2026-03-01,2026-09-24,64,74.6,High Risk,Overdue (64 days),https://pay.repayx.ai/inv/385153
385154,Rhea Iyer,+919141407343,173787.16,136696.99,37090.17,14482.26,9,3,12,11.0,2026-03-01,2026-09-16,62,81.8,High Risk,Overdue (62 days),https://pay.repayx.ai/inv/385154
385155,Rishabh Deshmukh,+919171965637,361249.61,349949.08,11300.53,30104.13,11,1,12,11.0,2026-03-01,2026-09-14,12,29.8,Low Risk,Overdue (12 days),https://pay.repayx.ai/inv/385155
385156,Ritu Mehta,+918717003454,399646.78,386932.3,12714.48,33303.9,11,1,12,11.0,2026-03-01,2026-09-04,5,45.0,Low Risk,Overdue (5 days),https://pay.repayx.ai/inv/385156
385157,Rohan Bhatia,+919946613428,255341.1,243099.48,12241.62,21278.42,11,1,12,11.0,2026-03-01,2026-09-03,9,60.3,Medium Risk,Overdue (9 days),https://pay.repayx.ai/inv/385157
385158,Rohit Sundaram,+919865686520,250802.85,242114.88,8687.97,20900.24,11,1,12,11.0,2026-03-01,2026-09-03,8,30.4,Low Risk,Overdue (8 days),https://pay.repayx.ai/inv/385158
385159,Sachin Saxena,+917029602406,164751.76,84386.42,80365.34,13729.31,6,6,12,11.0,2026-03-01,2026-09-23,68,71.2,High Risk,Overdue (68 days),https://pay.repayx.ai/inv/385159
385160,Sameer Hegde,+919820633503,136261.9,115065.04,21196.86,11355.16,10,2,12,11.0,2026-03-01,2026-09-24,26,65.2,Medium Risk,Overdue (26 days),https://pay.repayx.ai/inv/385160
385161,Sanjay Mishra,+918726354208,217930.22,188749.73,29180.49,18160.85,10,2,12,11.0,2026-03-01,2026-09-15,14,58.5,Medium Risk,Overdue (14 days),https://pay.repayx.ai/inv/385161
385162,Sanya Pillai,+919894819556,146775.25,95286.69,51488.56,12231.27,7,5,12,11.0,2026-03-01,2026-09-14,49,91.8,High Risk,Overdue (49 days),https://pay.repayx.ai/inv/385162
385163,Shalini Bhardwaj,+919780260907,77071.73,20837.26,56234.47,6422.64,3,9,12,11.0,2026-03-01,2026-09-17,26,79.5,High Risk,Overdue (26 days),https://pay.repayx.ai/inv/385163
385164,Shivam Garg,+919895318289,199320.95,189792.26,9528.69,16610.08,11,1,12,11.0,2026-03-01,2026-09-12,22,60.2,Medium Risk,Overdue (22 days),https://pay.repayx.ai/inv/385164
385165,Shivani Bansal,+919788101741,183007.44,154950.97,28056.47,15250.62,10,2,12,11.0,2026-03-01,2026-09-18,27,56.9,Medium Risk,Overdue (27 days),https://pay.repayx.ai/inv/385165
385166,Shreya Mahajan,+919174227366,374599.07,300963.36,73635.71,31216.59,9,3,12,11.0,2026-03-01,2026-09-25,58,86.9,High Risk,Overdue (58 days),https://pay.repayx.ai/inv/385166
385167,Shubham Chhabra,+919852358553,256153.44,250335.14,5818.3,21346.12,11,1,12,11.0,2026-03-01,2026-09-18,6,25.9,Low Risk,Overdue (6 days),https://pay.repayx.ai/inv/385167
385168,Siddharth Verma,+917016416148,182769.87,121427.54,61342.33,15230.82,7,5,12,11.0,2026-03-01,2026-09-12,33,71.4,High Risk,Overdue (33 days),https://pay.repayx.ai/inv/385168
385169,Simran Singh,+917035074182,249009.36,201547.01,47462.35,20750.78,9,3,12,11.0,2026-03-01,2026-09-17,39,80.7,High Risk,Overdue (39 days),https://pay.repayx.ai/inv/385169
385170,Sneha Choudhury,+919434220459,178484.57,132043.09,46441.48,14873.71,8,4,12,11.0,2026-03-01,2026-09-22,42,72.6,High Risk,Overdue (42 days),https://pay.repayx.ai/inv/385170
385171,Sonam Banerjee,+919157183837,340725.76,274642.34,66083.42,28393.81,9,3,12,11.0,2026-03-01,2026-09-20,25,81.9,High Risk,Overdue (25 days),https://pay.repayx.ai/inv/385171
385172,Suresh Kulkarni,+919795565484,255234.41,240464.1,14770.31,21269.53,11,1,12,11.0,2026-03-01,2026-09-06,3,31.7,Low Risk,Overdue (3 days),https://pay.repayx.ai/inv/385172
385173,Swati Shah,+919826942307,361406.15,350919.06,10487.09,30117.18,11,1,12,11.0,2026-03-01,2026-09-13,10,28.5,Low Risk,Overdue (10 days),https://pay.repayx.ai/inv/385173
385174,Tanvi Kapoor,+917059930790,80754.17,75489.63,5264.54,6729.51,11,1,12,11.0,2026-03-01,2026-09-12,10,25.8,Low Risk,Overdue (10 days),https://pay.repayx.ai/inv/385174
385175,Tarun Mukherjee,+919834970946,204794.95,170070.97,34723.98,17066.25,9,3,12,11.0,2026-03-01,2026-09-09,22,87.1,High Risk,Overdue (22 days),https://pay.repayx.ai/inv/385175
385176,Utkarsh Chawla,+918775927774,104291.37,89712.54,14578.83,8690.95,10,2,12,11.0,2026-03-01,2026-09-06,26,64.1,Medium Risk,Overdue (26 days),https://pay.repayx.ai/inv/385176
385177,Varun Chopra,+917099635939,75975.63,64693.07,11282.56,6331.3,10,2,12,11.0,2026-03-01,2026-09-10,28,58.9,Medium Risk,Overdue (28 days),https://pay.repayx.ai/inv/385177
385178,Vedant Tiwari,+919958518659,98544.98,65434.54,33110.44,8212.08,7,5,12,11.0,2026-03-01,2026-09-05,27,64.2,Medium Risk,Overdue (27 days),https://pay.repayx.ai/inv/385178
385179,Vikas Menon,+917072734149,270658.77,228478.7,42180.07,22554.9,10,2,12,11.0,2026-03-01,2026-09-03,51,83.1,High Risk,Overdue (51 days),https://pay.repayx.ai/inv/385179
385180,Vikram Yadav,+919365135987,379335.76,313301.21,66034.55,31611.31,9,3,12,11.0,2026-03-01,2026-09-11,45,80.7,High Risk,Overdue (45 days),https://pay.repayx.ai/inv/385180
385181,Vinay Kohli,+919983994695,122785.25,96102.42,26682.83,10232.1,9,3,12,11.0,2026-03-01,2026-09-14,18,59.0,Medium Risk,Overdue (18 days),https://pay.repayx.ai/inv/385181
385182,Vishal Dubey,+919950818905,179064.3,105361.12,73703.18,14922.02,7,5,12,11.0,2026-03-01,2026-09-12,48,92.6,High Risk,Overdue (48 days),https://pay.repayx.ai/inv/385182
385183,Yash Sood,+918736347197,270336.57,263570.01,6766.56,22528.05,11,1,12,11.0,2026-03-01,2026-09-10,4,37.7,Low Risk,Overdue (4 days),https://pay.repayx.ai/inv/385183
385184,Yuvraj Khanna,+919430695604,299791.67,274126.0,25665.67,24982.64,10,2,12,11.0,2026-03-01,2026-09-11,25,51.9,Medium Risk,Overdue (25 days),https://pay.repayx.ai/inv/385184
385185,Zoya Gupta,+919716101779,358408.95,327952.81,30456.14,29867.41,10,2,12,11.0,2026-03-01,2026-09-07,7,61.3,Medium Risk,Overdue (7 days),https://pay.repayx.ai/inv/385185
385186,Karthik Patel,+919348879071,170837.65,145223.88,25613.77,14236.47,10,2,12,11.0,2026-03-01,2026-09-26,22,58.3,Medium Risk,Overdue (22 days),https://pay.repayx.ai/inv/385186
385187,Senthil Nair,+919969002851,235776.86,224879.56,10897.3,19648.07,11,1,12,11.0,2026-03-01,2026-09-05,8,55.9,Medium Risk,Overdue (8 days),https://pay.repayx.ai/inv/385187
385188,Murugan Chatterjee,+917063514837,198216.08,131024.7,67191.38,16518.01,7,5,12,11.0,2026-03-01,2026-09-11,70,88.8,High Risk,Overdue (70 days),https://pay.repayx.ai/inv/385188
385189,Venkatesh Joshi,+919716792127,203659.93,155537.0,48122.93,16971.66,9,3,12,11.0,2026-03-01,2026-09-08,24,73.6,High Risk,Overdue (24 days),https://pay.repayx.ai/inv/385189
385190,Deepa Agarwal,+917035479101,249306.22,236451.22,12855.0,20775.52,11,1,12,11.0,2026-03-01,2026-09-16,12,47.1,Low Risk,Overdue (12 days),https://pay.repayx.ai/inv/385190
385191,Naveen Reddy,+919371368457,136057.77,124716.49,11341.28,11338.15,10,2,12,11.0,2026-03-01,2026-09-02,19,59.9,Medium Risk,Overdue (19 days),https://pay.repayx.ai/inv/385191
385192,Ashwin Pandey,+919148352498,388868.95,314398.02,74470.93,32405.75,9,3,12,11.0,2026-03-01,2026-09-09,58,85.7,High Risk,Overdue (58 days),https://pay.repayx.ai/inv/385192
385193,Lata Roy,+919886541906,195009.51,176495.14,18514.37,16250.79,10,2,12,11.0,2026-03-01,2026-09-13,19,65.3,Medium Risk,Overdue (19 days),https://pay.repayx.ai/inv/385193
385194,Sunita Nambiar,+919425946545,88672.59,51931.3,36741.29,7389.38,7,5,12,11.0,2026-03-01,2026-09-11,54,90.0,High Risk,Overdue (54 days),https://pay.repayx.ai/inv/385194
385195,Kamal Bhatt,+919363873262,68121.34,40455.43,27665.91,5676.78,7,5,12,11.0,2026-03-01,2026-09-11,53,79.8,High Risk,Overdue (53 days),https://pay.repayx.ai/inv/385195
385196,Ramesh Singhania,+919954018830,177412.01,164539.55,12872.46,14784.33,11,1,12,11.0,2026-03-01,2026-09-20,23,60.4,Medium Risk,Overdue (23 days),https://pay.repayx.ai/inv/385196
385197,Dinesh Thakur,+919375746104,169916.23,152170.52,17745.71,14159.69,10,2,12,11.0,2026-03-01,2026-09-12,23,56.0,Medium Risk,Overdue (23 days),https://pay.repayx.ai/inv/385197
385198,Suman Dhawan,+919890115852,436828.28,390920.08,45908.2,36402.36,10,2,12,11.0,2026-03-01,2026-09-25,34,73.3,High Risk,Overdue (34 days),https://pay.repayx.ai/inv/385198
385199,Reena Tripathi,+919980361272,297894.32,276453.52,21440.8,24824.53,11,1,12,11.0,2026-03-01,2026-09-05,45,76.3,High Risk,Overdue (45 days),https://pay.repayx.ai/inv/385199
385200,Meenakshi Kashyap,+919735606639,175476.99,151590.16,23886.83,14623.08,10,2,12,11.0,2026-03-01,2026-09-23,29,54.8,Medium Risk,Overdue (29 days),https://pay.repayx.ai/inv/385200
385201,Aarav Sharma,+919828533117,274354.71,215385.68,58969.03,22862.89,9,3,12,11.0,2026-03-01,2026-09-16,45,83.3,High Risk,Overdue (45 days),https://pay.repayx.ai/inv/385201
385202,Aditi Malhotra,+919355946354,320347.43,290744.21,29603.22,26695.62,10,2,12,11.0,2026-03-01,2026-09-22,73,78.5,High Risk,Overdue (73 days),https://pay.repayx.ai/inv/385202
385203,Advait Reddy,+918847447604,139946.82,115084.83,24861.99,11662.24,9,3,12,11.0,2026-03-01,2026-09-10,13,63.9,Medium Risk,Overdue (13 days),https://pay.repayx.ai/inv/385203
385204,Akash Iyer,+917074398125,423480.15,396533.91,26946.24,35290.01,11,1,12,11.0,2026-03-01,2026-09-09,22,64.1,Medium Risk,Overdue (22 days),https://pay.repayx.ai/inv/385204
385205,Alok Deshmukh,+918656323191,371846.33,317452.54,54393.79,30987.19,10,2,12,11.0,2026-03-01,2026-09-10,72,85.1,High Risk,Overdue (72 days),https://pay.repayx.ai/inv/385205
385206,Amit Mehta,+918774300930,381180.68,367054.57,14126.11,31765.06,11,1,12,11.0,2026-03-01,2026-09-18,13,26.9,Low Risk,Overdue (13 days),https://pay.repayx.ai/inv/385206
385207,Ananya Bhatia,+918842542167,412073.68,387066.08,25007.6,34339.47,11,1,12,11.0,2026-03-01,2026-09-08,25,52.7,Medium Risk,Overdue (25 days),https://pay.repayx.ai/inv/385207
385208,Anil Sundaram,+919910695441,441164.28,375101.29,66062.99,36763.69,10,2,12,11.0,2026-03-01,2026-09-21,21,81.0,High Risk,Overdue (21 days),https://pay.repayx.ai/inv/385208
385209,Aniruddh Saxena,+918753106399,73665.03,64674.37,8990.66,6138.75,10,2,12,11.0,2026-03-01,2026-09-21,6,46.5,Low Risk,Overdue (6 days),https://pay.repayx.ai/inv/385209
385210,Anjali Hegde,+919833496796,385041.96,318593.08,66448.88,32086.83,9,3,12,11.0,2026-03-01,2026-09-02,74,84.1,High Risk,Overdue (74 days),https://pay.repayx.ai/inv/385210
385211,Ankit Mishra,+918715028625,277184.75,267987.84,9196.91,23098.73,11,1,12,11.0,2026-03-01,2026-09-11,14,34.7,Low Risk,Overdue (14 days),https://pay.repayx.ai/inv/385211
385212,Anushka Pillai,+919977674279,127124.56,72723.43,54401.13,10593.71,6,6,12,11.0,2026-03-01,2026-09-06,46,95.7,High Risk,Overdue (46 days),https://pay.repayx.ai/inv/385212
385213,Arjun Bhardwaj,+917049597485,352913.1,325229.55,27683.55,29409.42,11,1,12,11.0,2026-03-01,2026-09-28,7,63.0,Medium Risk,Overdue (7 days),https://pay.repayx.ai/inv/385213
385214,Arnav Garg,+919763798927,123912.48,103792.2,20120.28,10326.04,10,2,12,11.0,2026-03-01,2026-09-11,17,58.1,Medium Risk,Overdue (17 days),https://pay.repayx.ai/inv/385214
385215,Aryan Bansal,+918754241559,339153.01,331241.9,7911.11,28262.75,11,1,12,11.0,2026-03-01,2026-09-21,10,25.2,Low Risk,Overdue (10 days),https://pay.repayx.ai/inv/385215
385216,Ayush Mahajan,+918731436829,251008.19,188266.52,62741.67,20917.35,9,3,12,11.0,2026-03-01,2026-09-23,44,76.5,High Risk,Overdue (44 days),https://pay.repayx.ai/inv/385216
385217,Bhavna Chhabra,+917092493631,432944.21,407337.72,25606.49,36078.68,11,1,12,11.0,2026-03-01,2026-09-15,16,63.8,Medium Risk,Overdue (16 days),https://pay.repayx.ai/inv/385217
385218,Chetan Verma,+919182144402,380241.4,360429.41,19811.99,31686.78,11,1,12,11.0,2026-03-01,2026-09-22,24,62.1,Medium Risk,Overdue (24 days),https://pay.repayx.ai/inv/385218
385219,Deepak Singh,+919358557943,275667.49,264538.86,11128.63,22972.29,11,1,12,11.0,2026-03-01,2026-09-18,21,67.5,Medium Risk,Overdue (21 days),https://pay.repayx.ai/inv/385219
385220,Dev Choudhury,+917079839059,322118.1,312446.51,9671.59,26843.17,11,1,12,11.0,2026-03-01,2026-09-16,5,30.0,Low Risk,Overdue (5 days),https://pay.repayx.ai/inv/385220
385221,Divya Banerjee,+919978886959,275564.47,203382.1,72182.37,22963.71,8,4,12,11.0,2026-03-01,2026-09-22,44,83.5,High Risk,Overdue (44 days),https://pay.repayx.ai/inv/385221
385222,Gaurav Kulkarni,+918887619624,219478.95,200184.28,19294.67,18289.91,10,2,12,11.0,2026-03-01,2026-09-18,7,64.5,Medium Risk,Overdue (7 days),https://pay.repayx.ai/inv/385222
385223,Geeta Shah,+919848532662,357588.83,353295.11,4293.72,29799.07,11,1,12,11.0,2026-03-01,2026-09-24,10,47.9,Low Risk,Overdue (10 days),https://pay.repayx.ai/inv/385223
385224,Harsh Kapoor,+919160666702,323092.14,288277.87,34814.27,26924.35,10,2,12,11.0,2026-03-01,2026-09-18,19,58.4,Medium Risk,Overdue (19 days),https://pay.repayx.ai/inv/385224
385225,Isha Mukherjee,+918680980044,441489.75,415541.33,25948.42,36790.81,11,1,12,11.0,2026-03-01,2026-09-25,49,92.4,High Risk,Overdue (49 days),https://pay.repayx.ai/inv/385225
385226,Ishaan Chawla,+918681394920,141865.63,78741.14,63124.49,11822.14,6,6,12,11.0,2026-03-01,2026-09-05,49,78.1,High Risk,Overdue (49 days),https://pay.repayx.ai/inv/385226
385227,Jaya Chopra,+919898610233,356421.39,289844.79,66576.6,29701.78,9,3,12,11.0,2026-03-01,2026-09-01,22,94.4,High Risk,Overdue (22 days),https://pay.repayx.ai/inv/385227
385228,Kabir Tiwari,+919416533225,67694.69,9900.43,57794.26,5641.22,1,11,12,11.0,2026-03-01,2026-09-18,43,72.2,High Risk,Overdue (43 days),https://pay.repayx.ai/inv/385228
385229,Karan Menon,+918741428626,342606.99,320825.24,21781.75,28550.58,11,1,12,11.0,2026-03-01,2026-09-20,47,92.5,High Risk,Overdue (47 days),https://pay.repayx.ai/inv/385229
385230,Kavita Yadav,+919339667854,160061.57,144902.07,15159.5,13338.46,10,2,12,11.0,2026-03-01,2026-09-19,11,66.4,Medium Risk,Overdue (11 days),https://pay.repayx.ai/inv/385230
385231,Kiran Kohli,+919376521096,187765.93,162490.11,25275.82,15647.16,10,2,12,11.0,2026-03-01,2026-09-13,20,68.2,Medium Risk,Overdue (20 days),https://pay.repayx.ai/inv/385231
385232,Kunal Dubey,+918760527631,265171.31,245346.87,19824.44,22097.61,11,1,12,11.0,2026-03-01,2026-09-08,11,56.4,Medium Risk,Overdue (11 days),https://pay.repayx.ai/inv/385232
385233,Madhav Sood,+919885482164,216603.15,144616.15,71987.0,18050.26,8,4,12,11.0,2026-03-01,2026-09-13,73,88.5,High Risk,Overdue (73 days),https://pay.repayx.ai/inv/385233
385234,Madhuri Khanna,+919159805178,339833.88,278504.59,61329.29,28319.49,9,3,12,11.0,2026-03-01,2026-09-09,74,75.7,High Risk,Overdue (74 days),https://pay.repayx.ai/inv/385234
385235,Manish Gupta,+918888864147,273540.19,252890.5,20649.69,22795.02,11,1,12,11.0,2026-03-01,2026-09-28,19,85.9,High Risk,Overdue (19 days),https://pay.repayx.ai/inv/385235
385236,Mayank Patel,+918825745913,351732.3,337778.87,13953.43,29311.02,11,1,12,11.0,2026-03-01,2026-09-23,6,32.4,Low Risk,Overdue (6 days),https://pay.repayx.ai/inv/385236
385237,Meera Nair,+917047991562,263460.05,230666.76,32793.29,21955.0,10,2,12,11.0,2026-03-01,2026-09-09,24,54.1,Medium Risk,Overdue (24 days),https://pay.repayx.ai/inv/385237
385238,Mohit Chatterjee,+919152980983,198281.97,149059.7,49222.27,16523.5,9,3,12,11.0,2026-03-01,2026-09-19,66,93.0,High Risk,Overdue (66 days),https://pay.repayx.ai/inv/385238
385239,Mukesh Joshi,+919487731247,168076.92,158655.2,9421.72,14006.41,11,1,12,11.0,2026-03-01,2026-09-08,24,64.8,Medium Risk,Overdue (24 days),https://pay.repayx.ai/inv/385239
385240,Neha Agarwal,+917044537812,245448.44,193995.24,51453.2,20454.04,9,3,12,11.0,2026-03-01,2026-09-24,56,91.8,High Risk,Overdue (56 days),https://pay.repayx.ai/inv/385240
385241,Nikhil Reddy,+919983356206,416759.76,345496.4,71263.36,34729.98,9,3,12,11.0,2026-03-01,2026-09-21,25,74.8,High Risk,Overdue (25 days),https://pay.repayx.ai/inv/385241
385242,Nisha Pandey,+919810856822,387017.89,373868.6,13149.29,32251.49,11,1,12,11.0,2026-03-01,2026-09-23,4,37.8,Low Risk,Overdue (4 days),https://pay.repayx.ai/inv/385242
385243,Nitish Roy,+919495594482,296607.74,248055.09,48552.65,24717.31,10,2,12,11.0,2026-03-01,2026-09-16,18,76.1,High Risk,Overdue (18 days),https://pay.repayx.ai/inv/385243
385244,Pankaj Nambiar,+919346875077,164675.41,119115.73,45559.68,13722.95,8,4,12,11.0,2026-03-01,2026-09-23,16,84.1,High Risk,Overdue (16 days),https://pay.repayx.ai/inv/385244
385245,Pooja Bhatt,+919780381817,126772.82,94118.71,32654.11,10564.4,8,4,12,11.0,2026-03-01,2026-09-27,10,66.1,Medium Risk,Overdue (10 days),https://pay.repayx.ai/inv/385245
385246,Pranav Singhania,+919185833309,328894.53,305600.24,23294.29,27407.88,11,1,12,11.0,2026-03-01,2026-09-27,40,90.8,High Risk,Overdue (40 days),https://pay.repayx.ai/inv/385246
385247,Prateek Thakur,+919764395532,271080.58,239766.88,31313.7,22590.05,10,2,12,11.0,2026-03-01,2026-09-01,8,63.1,Medium Risk,Overdue (8 days),https://pay.repayx.ai/inv/385247
385248,Preeti Dhawan,+917085947990,439535.9,408557.33,30978.57,36627.99,11,1,12,11.0,2026-03-01,2026-09-02,27,51.7,Medium Risk,Overdue (27 days),https://pay.repayx.ai/inv/385248
385249,Priya Tripathi,+919146385762,79739.22,15355.94,64383.28,6644.94,2,10,12,11.0,2026-03-01,2026-09-18,51,93.5,High Risk,Overdue (51 days),https://pay.repayx.ai/inv/385249
385250,Rahul Kashyap,+919837804291,350901.79,270674.44,80227.35,29241.82,9,3,12,11.0,2026-03-01,2026-09-13,35,71.3,High Risk,Overdue (35 days),https://pay.repayx.ai/inv/385250
385251,Rajesh Sharma,+918682553061,352243.71,342258.19,9985.52,29353.64,11,1,12,11.0,2026-03-01,2026-09-23,12,32.3,Low Risk,Overdue (12 days),https://pay.repayx.ai/inv/385251
385252,Rakesh Malhotra,+919768664992,80407.3,46074.89,34332.41,6700.61,6,6,12,11.0,2026-03-01,2026-09-20,8,60.0,Medium Risk,Overdue (8 days),https://pay.repayx.ai/inv/385252
385253,Rani Reddy,+918770471823,192324.48,179928.6,12395.88,16027.04,11,1,12,11.0,2026-03-01,2026-09-14,3,34.7,Low Risk,Overdue (3 days),https://pay.repayx.ai/inv/385253
385254,Rhea Iyer,+919449645162,335243.41,291778.54,43464.87,27936.95,10,2,12,11.0,2026-03-01,2026-09-05,64,85.4,High Risk,Overdue (64 days),https://pay.repayx.ai/inv/385254
385255,Rishabh Deshmukh,+917058412365,52078.09,23741.54,28336.55,4339.84,5,7,12,11.0,2026-03-01,2026-09-12,39,90.5,High Risk,Overdue (39 days),https://pay.repayx.ai/inv/385255
385256,Ritu Mehta,+919184757265,213217.67,201947.94,11269.73,17768.14,11,1,12,11.0,2026-03-01,2026-09-12,20,52.0,Medium Risk,Overdue (20 days),https://pay.repayx.ai/inv/385256
385257,Rohan Bhatia,+918611656329,205119.82,134562.43,70557.39,17093.32,7,5,12,11.0,2026-03-01,2026-09-18,70,85.7,High Risk,Overdue (70 days),https://pay.repayx.ai/inv/385257
385258,Rohit Sundaram,+918632750139,170452.51,160374.97,10077.54,14204.38,11,1,12,11.0,2026-03-01,2026-09-03,5,49.0,Low Risk,Overdue (5 days),https://pay.repayx.ai/inv/385258
385259,Sachin Saxena,+919758469365,148636.03,110552.63,38083.4,12386.34,8,4,12,11.0,2026-03-01,2026-09-20,65,77.5,High Risk,Overdue (65 days),https://pay.repayx.ai/inv/385259
385260,Sameer Hegde,+918654589439,201955.98,189433.25,12522.73,16829.67,11,1,12,11.0,2026-03-01,2026-09-15,7,59.2,Medium Risk,Overdue (7 days),https://pay.repayx.ai/inv/385260
385261,Sanjay Mishra,+919950323741,428911.57,353324.5,75587.07,35742.63,9,3,12,11.0,2026-03-01,2026-09-11,53,91.3,High Risk,Overdue (53 days),https://pay.repayx.ai/inv/385261
385262,Sanya Pillai,+919187293208,180354.49,140972.27,39382.22,15029.54,9,3,12,11.0,2026-03-01,2026-09-26,62,80.7,High Risk,Overdue (62 days),https://pay.repayx.ai/inv/385262
385263,Shalini Bhardwaj,+919334149421,270039.66,214261.68,55777.98,22503.3,9,3,12,11.0,2026-03-01,2026-09-15,52,73.4,High Risk,Overdue (52 days),https://pay.repayx.ai/inv/385263
385264,Shivam Garg,+919764914054,105671.65,92998.27,12673.38,8805.97,10,2,12,11.0,2026-03-01,2026-09-09,14,30.1,Low Risk,Overdue (14 days),https://pay.repayx.ai/inv/385264
385265,Shivani Bansal,+919190253323,210322.04,180806.04,29516.0,17526.84,10,2,12,11.0,2026-03-01,2026-09-28,9,64.3,Medium Risk,Overdue (9 days),https://pay.repayx.ai/inv/385265
385266,Shreya Mahajan,+919389701163,83992.77,54434.03,29558.74,6999.4,7,5,12,11.0,2026-03-01,2026-09-22,18,60.9,Medium Risk,Overdue (18 days),https://pay.repayx.ai/inv/385266
385267,Shubham Chhabra,+918654506155,222182.22,197252.59,24929.63,18515.19,10,2,12,11.0,2026-03-01,2026-09-09,25,53.3,Medium Risk,Overdue (25 days),https://pay.repayx.ai/inv/385267
385268,Siddharth Verma,+919439666377,206453.67,151068.11,55385.56,17204.47,8,4,12,11.0,2026-03-01,2026-09-19,59,89.5,High Risk,Overdue (59 days),https://pay.repayx.ai/inv/385268
385269,Simran Singh,+919749652241,434691.15,399750.88,34940.27,36224.26,11,1,12,11.0,2026-03-01,2026-09-24,22,53.0,Medium Risk,Overdue (22 days),https://pay.repayx.ai/inv/385269
385270,Sneha Choudhury,+919374817230,89049.21,40541.92,48507.29,7420.77,5,7,12,11.0,2026-03-01,2026-09-15,28,78.5,High Risk,Overdue (28 days),https://pay.repayx.ai/inv/385270
385271,Sonam Banerjee,+919856047142,320855.73,248573.27,72282.46,26737.98,9,3,12,11.0,2026-03-01,2026-09-24,22,78.2,High Risk,Overdue (22 days),https://pay.repayx.ai/inv/385271
385272,Suresh Kulkarni,+918672015859,212018.97,183289.88,28729.09,17668.25,10,2,12,11.0,2026-03-01,2026-09-21,50,74.9,High Risk,Overdue (50 days),https://pay.repayx.ai/inv/385272
385273,Swati Shah,+919189484162,51780.02,23607.92,28172.1,4315.0,5,7,12,11.0,2026-03-01,2026-09-09,13,57.9,Medium Risk,Overdue (13 days),https://pay.repayx.ai/inv/385273
385274,Tanvi Kapoor,+919335093324,128829.71,118203.05,10626.66,10735.81,11,1,12,11.0,2026-03-01,2026-09-22,10,66.2,Medium Risk,Overdue (10 days),https://pay.repayx.ai/inv/385274
385275,Tarun Mukherjee,+918692048427,95692.83,70076.01,25616.82,7974.4,8,4,12,11.0,2026-03-01,2026-09-15,26,60.6,Medium Risk,Overdue (26 days),https://pay.repayx.ai/inv/385275
385276,Utkarsh Chawla,+919489211057,103579.11,76223.41,27355.7,8631.59,8,4,12,11.0,2026-03-01,2026-09-10,16,66.3,Medium Risk,Overdue (16 days),https://pay.repayx.ai/inv/385276
385277,Varun Chopra,+918690050918,203483.99,176012.97,27471.02,16957.0,10,2,12,11.0,2026-03-01,2026-09-21,39,80.0,High Risk,Overdue (39 days),https://pay.repayx.ai/inv/385277
385278,Vedant Tiwari,+919332396311,106118.61,25762.05,80356.56,8843.22,2,10,12,11.0,2026-03-01,2026-09-15,26,93.9,High Risk,Overdue (26 days),https://pay.repayx.ai/inv/385278
385279,Vikas Menon,+919936189702,435531.64,401783.75,33747.89,36294.3,11,1,12,11.0,2026-03-01,2026-09-16,22,67.3,Medium Risk,Overdue (22 days),https://pay.repayx.ai/inv/385279
385280,Vikram Yadav,+919132448383,62344.28,0.0,65579.54,5195.36,1,11,12,11.0,2026-03-01,2026-09-10,43,83.0,High Risk,Overdue (43 days),https://pay.repayx.ai/inv/385280
385281,Vinay Kohli,+919185920319,356367.82,319026.91,37340.91,29697.32,10,2,12,11.0,2026-03-01,2026-09-04,64,76.2,High Risk,Overdue (64 days),https://pay.repayx.ai/inv/385281
385282,Vishal Dubey,+919315584869,226546.63,172158.52,54388.11,18878.89,9,3,12,11.0,2026-03-01,2026-09-14,38,77.3,High Risk,Overdue (38 days),https://pay.repayx.ai/inv/385282
385283,Yash Sood,+919870362053,394879.85,326539.7,68340.15,32906.65,9,3,12,11.0,2026-03-01,2026-09-28,34,91.7,High Risk,Overdue (34 days),https://pay.repayx.ai/inv/385283
385284,Yuvraj Khanna,+919457060874,294104.72,287879.84,6224.88,24508.73,11,1,12,11.0,2026-03-01,2026-09-20,14,44.0,Low Risk,Overdue (14 days),https://pay.repayx.ai/inv/385284
385285,Zoya Gupta,+919457085656,288743.07,256877.91,31865.16,24061.92,10,2,12,11.0,2026-03-01,2026-09-23,18,75.8,High Risk,Overdue (18 days),https://pay.repayx.ai/inv/385285
385286,Karthik Patel,+919728198434,364276.42,282465.8,81810.62,30356.37,9,3,12,11.0,2026-03-01,2026-09-09,47,85.1,High Risk,Overdue (47 days),https://pay.repayx.ai/inv/385286
385287,Senthil Nair,+919953231088,354589.43,323071.38,31518.05,29549.12,10,2,12,11.0,2026-03-01,2026-09-16,14,52.5,Medium Risk,Overdue (14 days),https://pay.repayx.ai/inv/385287
385288,Murugan Chatterjee,+919120135622,402050.03,341986.57,60063.46,33504.17,10,2,12,11.0,2026-03-01,2026-09-17,39,86.6,High Risk,Overdue (39 days),https://pay.repayx.ai/inv/385288
385289,Venkatesh Joshi,+919153928023,397563.11,365752.86,31810.25,33130.26,11,1,12,11.0,2026-03-01,2026-09-03,21,63.9,Medium Risk,Overdue (21 days),https://pay.repayx.ai/inv/385289
385290,Deepa Agarwal,+919781729237,437251.43,410983.69,26267.74,36437.62,11,1,12,11.0,2026-03-01,2026-09-16,18,59.2,Medium Risk,Overdue (18 days),https://pay.repayx.ai/inv/385290
385291,Naveen Reddy,+919985986307,365321.46,324691.86,40629.6,30443.46,10,2,12,11.0,2026-03-01,2026-09-25,51,91.6,High Risk,Overdue (51 days),https://pay.repayx.ai/inv/385291
385292,Ashwin Pandey,+919826674831,113193.41,42672.8,70520.61,9432.78,4,8,12,11.0,2026-03-01,2026-09-14,44,73.0,High Risk,Overdue (44 days),https://pay.repayx.ai/inv/385292
385293,Lata Roy,+918731337593,400638.01,373799.83,26838.18,33386.5,11,1,12,11.0,2026-03-01,2026-09-12,56,88.1,High Risk,Overdue (56 days),https://pay.repayx.ai/inv/385293
385294,Sunita Nambiar,+919863196064,340395.35,261840.73,78554.62,28366.28,9,3,12,11.0,2026-03-01,2026-09-14,25,80.0,High Risk,Overdue (25 days),https://pay.repayx.ai/inv/385294
385295,Kamal Bhatt,+919727810664,257777.7,248749.46,9028.24,21481.48,11,1,12,11.0,2026-03-01,2026-09-01,22,64.1,Medium Risk,Overdue (22 days),https://pay.repayx.ai/inv/385295
385296,Ramesh Singhania,+919974115841,203227.97,168535.94,34692.03,16935.66,9,3,12,11.0,2026-03-01,2026-09-04,20,66.3,Medium Risk,Overdue (20 days),https://pay.repayx.ai/inv/385296
385297,Dinesh Thakur,+919996110892,107141.23,69091.12,38050.11,8928.44,7,5,12,11.0,2026-03-01,2026-09-01,39,79.9,High Risk,Overdue (39 days),https://pay.repayx.ai/inv/385297
385298,Suman Dhawan,+919965258766,226953.55,208822.67,18130.88,18912.8,11,1,12,11.0,2026-03-01,2026-09-04,13,53.3,Medium Risk,Overdue (13 days),https://pay.repayx.ai/inv/385298
385299,Reena Tripathi,+918652211967,149114.55,82203.94,66910.61,12426.21,6,6,12,11.0,2026-03-01,2026-09-08,37,73.6,High Risk,Overdue (37 days),https://pay.repayx.ai/inv/385299
385300,Meenakshi Kashyap,+919898369672,132178.29,73469.55,58708.74,11014.86,6,6,12,11.0,2026-03-01,2026-09-07,64,85.8,High Risk,Overdue (64 days),https://pay.repayx.ai/inv/385300
385301,Aarav Sharma,+919161792685,249833.02,239414.22,10418.8,20819.42,11,1,12,11.0,2026-03-01,2026-09-17,14,55.9,Medium Risk,Overdue (14 days),https://pay.repayx.ai/inv/385301
385302,Aditi Malhotra,+919961920550,277352.16,258963.61,18388.55,23112.68,11,1,12,11.0,2026-03-01,2026-09-22,17,50.2,Medium Risk,Overdue (17 days),https://pay.repayx.ai/inv/385302
385303,Advait Reddy,+919888834594,154874.11,70720.57,84153.54,12906.18,5,7,12,11.0,2026-03-01,2026-09-02,19,82.5,High Risk,Overdue (19 days),https://pay.repayx.ai/inv/385303
385304,Akash Iyer,+919365758338,210910.96,204116.35,6794.61,17575.91,11,1,12,11.0,2026-03-01,2026-09-18,14,34.8,Low Risk,Overdue (14 days),https://pay.repayx.ai/inv/385304
385305,Alok Deshmukh,+918830854365,206292.6,189235.02,17057.58,17191.05,11,1,12,11.0,2026-03-01,2026-09-27,23,55.5,Medium Risk,Overdue (23 days),https://pay.repayx.ai/inv/385305
385306,Amit Mehta,+918817772004,419851.1,402786.69,17064.41,34987.59,11,1,12,11.0,2026-03-01,2026-09-20,20,62.9,Medium Risk,Overdue (20 days),https://pay.repayx.ai/inv/385306
385307,Ananya Bhatia,+919926031369,104884.72,76600.69,28284.03,8740.39,8,4,12,11.0,2026-03-01,2026-09-16,30,56.2,Medium Risk,Overdue (30 days),https://pay.repayx.ai/inv/385307
385308,Anil Sundaram,+918732409388,349910.55,337406.2,12504.35,29159.21,11,1,12,11.0,2026-03-01,2026-09-24,14,37.8,Low Risk,Overdue (14 days),https://pay.repayx.ai/inv/385308
385309,Aniruddh Saxena,+918780310522,334929.3,325166.04,9763.26,27910.77,11,1,12,11.0,2026-03-01,2026-09-03,20,65.4,Medium Risk,Overdue (20 days),https://pay.repayx.ai/inv/385309
385310,Anjali Hegde,+919432398441,152046.43,130332.01,21714.42,12670.54,10,2,12,11.0,2026-03-01,2026-09-19,69,83.5,High Risk,Overdue (69 days),https://pay.repayx.ai/inv/385310
385311,Ankit Mishra,+919811649277,238705.84,210445.56,28260.28,19892.15,10,2,12,11.0,2026-03-01,2026-09-05,7,52.3,Medium Risk,Overdue (7 days),https://pay.repayx.ai/inv/385311
385312,Anushka Pillai,+918640133935,216502.64,196133.28,20369.36,18041.89,10,2,12,11.0,2026-03-01,2026-09-09,66,95.0,High Risk,Overdue (66 days),https://pay.repayx.ai/inv/385312
385313,Arjun Bhardwaj,+919834071191,256309.65,244205.23,12104.42,21359.14,11,1,12,11.0,2026-03-01,2026-09-13,28,61.4,Medium Risk,Overdue (28 days),https://pay.repayx.ai/inv/385313
385314,Arnav Garg,+918753929586,232698.47,195783.91,36914.56,19391.54,10,2,12,11.0,2026-03-01,2026-09-10,69,82.4,High Risk,Overdue (69 days),https://pay.repayx.ai/inv/385314
385315,Aryan Bansal,+917089415412,449114.85,389392.78,59722.07,37426.24,10,2,12,11.0,2026-03-01,2026-09-24,44,78.2,High Risk,Overdue (44 days),https://pay.repayx.ai/inv/385315
385316,Ayush Mahajan,+918613209180,188569.48,182250.52,6318.96,15714.12,11,1,12,11.0,2026-03-01,2026-09-01,3,43.6,Low Risk,Overdue (3 days),https://pay.repayx.ai/inv/385316
385317,Bhavna Chhabra,+918723951801,443246.3,432187.31,11058.99,36937.19,11,1,12,11.0,2026-03-01,2026-09-02,14,25.0,Low Risk,Overdue (14 days),https://pay.repayx.ai/inv/385317
385318,Chetan Verma,+918879760901,408231.18,401513.19,6717.99,34019.26,11,1,12,11.0,2026-03-01,2026-09-24,3,28.5,Low Risk,Overdue (3 days),https://pay.repayx.ai/inv/385318
385319,Deepak Singh,+918620043577,74913.15,47967.72,26945.43,6242.76,7,5,12,11.0,2026-03-01,2026-09-05,67,72.9,High Risk,Overdue (67 days),https://pay.repayx.ai/inv/385319
385320,Dev Choudhury,+918653788744,158782.35,119676.75,39105.6,13231.86,9,3,12,11.0,2026-03-01,2026-09-07,66,77.2,High Risk,Overdue (66 days),https://pay.repayx.ai/inv/385320
385321,Divya Banerjee,+919970339827,212605.02,187303.84,25301.18,17717.08,10,2,12,11.0,2026-03-01,2026-09-25,21,90.1,High Risk,Overdue (21 days),https://pay.repayx.ai/inv/385321
385322,Gaurav Kulkarni,+919731154777,171685.99,135930.46,35755.53,14307.17,9,3,12,11.0,2026-03-01,2026-09-20,22,78.4,High Risk,Overdue (22 days),https://pay.repayx.ai/inv/385322
385323,Geeta Shah,+918857746984,69580.25,29618.07,39962.18,5798.35,5,7,12,11.0,2026-03-01,2026-09-27,20,91.8,High Risk,Overdue (20 days),https://pay.repayx.ai/inv/385323
385324,Harsh Kapoor,+919383835976,234817.3,226666.79,8150.51,19568.11,11,1,12,11.0,2026-03-01,2026-09-05,10,25.8,Low Risk,Overdue (10 days),https://pay.repayx.ai/inv/385324
385325,Isha Mukherjee,+919936592965,198895.9,128571.58,70324.32,16574.66,7,5,12,11.0,2026-03-01,2026-09-21,29,72.1,High Risk,Overdue (29 days),https://pay.repayx.ai/inv/385325
385326,Ishaan Chawla,+919818653290,308394.76,228927.05,79467.71,25699.56,8,4,12,11.0,2026-03-01,2026-09-03,19,85.4,High Risk,Overdue (19 days),https://pay.repayx.ai/inv/385326
385327,Jaya Chopra,+919116796477,279553.68,272240.86,7312.82,23296.14,11,1,12,11.0,2026-03-01,2026-09-13,3,45.3,Low Risk,Overdue (3 days),https://pay.repayx.ai/inv/385327
385328,Kabir Tiwari,+918835118997,228404.57,181818.08,46586.49,19033.71,9,3,12,11.0,2026-03-01,2026-09-20,37,80.3,High Risk,Overdue (37 days),https://pay.repayx.ai/inv/385328
385329,Karan Menon,+919374294443,161910.39,145237.66,16672.73,13492.53,10,2,12,11.0,2026-03-01,2026-09-07,20,54.9,Medium Risk,Overdue (20 days),https://pay.repayx.ai/inv/385329
385330,Kavita Yadav,+919861338023,193644.84,178167.0,15477.84,16137.07,11,1,12,11.0,2026-03-01,2026-09-16,24,65.9,Medium Risk,Overdue (24 days),https://pay.repayx.ai/inv/385330
385331,Kiran Kohli,+919913498112,137608.08,98060.58,39547.5,11467.34,8,4,12,11.0,2026-03-01,2026-09-25,32,84.9,High Risk,Overdue (32 days),https://pay.repayx.ai/inv/385331
385332,Kunal Dubey,+919441240803,90053.73,40450.88,49602.85,7504.48,5,7,12,11.0,2026-03-01,2026-09-09,37,91.1,High Risk,Overdue (37 days),https://pay.repayx.ai/inv/385332
385333,Madhav Sood,+918887268086,368956.27,301573.24,67383.03,30746.36,9,3,12,11.0,2026-03-01,2026-09-27,63,90.7,High Risk,Overdue (63 days),https://pay.repayx.ai/inv/385333
385334,Madhuri Khanna,+917089398174,330224.32,324003.98,6220.34,27518.69,11,1,12,11.0,2026-03-01,2026-09-19,8,29.3,Low Risk,Overdue (8 days),https://pay.repayx.ai/inv/385334
385335,Manish Gupta,+919182762732,246174.57,172115.88,74058.69,20514.55,8,4,12,11.0,2026-03-01,2026-09-08,66,94.7,High Risk,Overdue (66 days),https://pay.repayx.ai/inv/385335
385336,Mayank Patel,+919437040091,186303.62,164875.91,21427.71,15525.3,10,2,12,11.0,2026-03-01,2026-09-26,17,50.4,Medium Risk,Overdue (17 days),https://pay.repayx.ai/inv/385336
385337,Meera Nair,+919924887509,394267.79,384698.05,9569.74,32855.65,11,1,12,11.0,2026-03-01,2026-09-12,25,56.5,Medium Risk,Overdue (25 days),https://pay.repayx.ai/inv/385337
385338,Mohit Chatterjee,+918753299069,113001.55,88765.12,24236.43,9416.8,9,3,12,11.0,2026-03-01,2026-09-26,17,63.2,Medium Risk,Overdue (17 days),https://pay.repayx.ai/inv/385338
385339,Mukesh Joshi,+919392370625,139294.89,122045.52,17249.37,11607.91,10,2,12,11.0,2026-03-01,2026-09-06,29,59.7,Medium Risk,Overdue (29 days),https://pay.repayx.ai/inv/385339
385340,Neha Agarwal,+919886884584,447713.25,409980.59,37732.66,37309.44,10,2,12,11.0,2026-03-01,2026-09-02,26,89.2,High Risk,Overdue (26 days),https://pay.repayx.ai/inv/385340
385341,Nikhil Reddy,+918895851936,424675.12,352485.06,72190.06,35389.59,9,3,12,11.0,2026-03-01,2026-09-24,54,78.6,High Risk,Overdue (54 days),https://pay.repayx.ai/inv/385341
385342,Nisha Pandey,+919799929175,404661.41,365253.66,39407.75,33721.78,10,2,12,11.0,2026-03-01,2026-09-09,55,79.3,High Risk,Overdue (55 days),https://pay.repayx.ai/inv/385342
385343,Nitish Roy,+919710171954,225288.06,183805.82,41482.24,18774.01,9,3,12,11.0,2026-03-01,2026-09-06,65,88.2,High Risk,Overdue (65 days),https://pay.repayx.ai/inv/385343
385344,Pankaj Nambiar,+918623613510,365492.0,346645.47,18846.53,30457.67,11,1,12,11.0,2026-03-01,2026-09-25,24,59.9,Medium Risk,Overdue (24 days),https://pay.repayx.ai/inv/385344
385345,Pooja Bhatt,+918712694823,430664.85,419748.41,10916.44,35888.74,11,1,12,11.0,2026-03-01,2026-09-06,8,53.3,Medium Risk,Overdue (8 days),https://pay.repayx.ai/inv/385345
385346,Pranav Singhania,+917089729429,407290.47,396340.41,10950.06,33940.87,11,1,12,11.0,2026-03-01,2026-09-14,9,53.2,Medium Risk,Overdue (9 days),https://pay.repayx.ai/inv/385346
385347,Prateek Thakur,+919823590593,439759.37,426027.21,13732.16,36646.61,11,1,12,11.0,2026-03-01,2026-09-18,5,29.0,Low Risk,Overdue (5 days),https://pay.repayx.ai/inv/385347
385348,Preeti Dhawan,+918741883191,207160.89,191264.01,15896.88,17263.41,11,1,12,11.0,2026-03-01,2026-09-16,16,64.6,Medium Risk,Overdue (16 days),https://pay.repayx.ai/inv/385348
385349,Priya Tripathi,+919474468586,60294.28,13644.68,46649.6,5024.52,2,10,12,11.0,2026-03-01,2026-09-10,33,79.7,High Risk,Overdue (33 days),https://pay.repayx.ai/inv/385349
385350,Rahul Kashyap,+919175645462,156001.76,151173.41,4828.35,13000.15,11,1,12,11.0,2026-03-01,2026-09-13,9,36.6,Low Risk,Overdue (9 days),https://pay.repayx.ai/inv/385350
385351,Rajesh Sharma,+919845338986,155360.32,112610.41,42749.91,12946.69,8,4,12,11.0,2026-03-01,2026-09-19,43,93.1,High Risk,Overdue (43 days),https://pay.repayx.ai/inv/385351
385352,Rakesh Malhotra,+917082672055,352582.75,289862.36,62720.39,29381.9,9,3,12,11.0,2026-03-01,2026-09-02,20,89.7,High Risk,Overdue (20 days),https://pay.repayx.ai/inv/385352
385353,Rani Reddy,+919186868410,240504.91,220620.48,19884.43,20042.08,11,1,12,11.0,2026-03-01,2026-09-28,24,66.4,Medium Risk,Overdue (24 days),https://pay.repayx.ai/inv/385353
385354,Rhea Iyer,+919429790089,352875.5,320463.67,32411.83,29406.29,10,2,12,11.0,2026-03-01,2026-09-06,25,60.0,Medium Risk,Overdue (25 days),https://pay.repayx.ai/inv/385354
385355,Rishabh Deshmukh,+919768437492,379025.61,374074.47,4951.14,31585.47,11,1,12,11.0,2026-03-01,2026-09-20,9,44.8,Low Risk,Overdue (9 days),https://pay.repayx.ai/inv/385355
385356,Ritu Mehta,+919762089786,270821.68,191572.03,79249.65,22568.47,8,4,12,11.0,2026-03-01,2026-09-17,19,93.7,High Risk,Overdue (19 days),https://pay.repayx.ai/inv/385356
385357,Rohan Bhatia,+919480137085,95007.54,24308.65,70698.89,7917.29,3,9,12,11.0,2026-03-01,2026-09-19,54,92.8,High Risk,Overdue (54 days),https://pay.repayx.ai/inv/385357
385358,Rohit Sundaram,+919785522135,364298.25,283341.7,80956.55,30358.19,9,3,12,11.0,2026-03-01,2026-09-12,74,89.8,High Risk,Overdue (74 days),https://pay.repayx.ai/inv/385358
385359,Sachin Saxena,+919473491242,160165.66,134141.18,26024.48,13347.14,10,2,12,11.0,2026-03-01,2026-09-20,25,55.3,Medium Risk,Overdue (25 days),https://pay.repayx.ai/inv/385359
385360,Sameer Hegde,+918816615722,418333.99,399043.38,19290.61,34861.17,11,1,12,11.0,2026-03-01,2026-09-01,17,58.0,Medium Risk,Overdue (17 days),https://pay.repayx.ai/inv/385360
385361,Sanjay Mishra,+919123182514,141182.97,102349.37,38833.6,11765.25,8,4,12,11.0,2026-03-01,2026-09-24,68,90.7,High Risk,Overdue (68 days),https://pay.repayx.ai/inv/385361
385362,Sanya Pillai,+919496644900,226686.64,190635.5,36051.14,18890.55,10,2,12,11.0,2026-03-01,2026-09-14,41,91.6,High Risk,Overdue (41 days),https://pay.repayx.ai/inv/385362
385363,Shalini Bhardwaj,+919331336920,333827.76,302280.85,31546.91,27818.98,10,2,12,11.0,2026-03-01,2026-09-25,8,65.2,Medium Risk,Overdue (8 days),https://pay.repayx.ai/inv/385363
385364,Shivam Garg,+918817734634,232579.47,222826.82,9752.65,19381.62,11,1,12,11.0,2026-03-01,2026-09-23,13,67.6,Medium Risk,Overdue (13 days),https://pay.repayx.ai/inv/385364
385365,Shivani Bansal,+919714102122,245514.7,196412.06,49102.64,20459.56,9,3,12,11.0,2026-03-01,2026-09-28,40,79.9,High Risk,Overdue (40 days),https://pay.repayx.ai/inv/385365
385366,Shreya Mahajan,+918722132198,204626.27,163561.59,41064.68,17052.19,9,3,12,11.0,2026-03-01,2026-09-19,68,84.6,High Risk,Overdue (68 days),https://pay.repayx.ai/inv/385366
385367,Shubham Chhabra,+918846115786,255312.49,240557.36,14755.13,21276.04,11,1,12,11.0,2026-03-01,2026-09-25,14,54.3,Medium Risk,Overdue (14 days),https://pay.repayx.ai/inv/385367
385368,Siddharth Verma,+919411135982,293337.55,280897.38,12440.17,24444.8,11,1,12,11.0,2026-03-01,2026-09-23,12,59.5,Medium Risk,Overdue (12 days),https://pay.repayx.ai/inv/385368
385369,Simran Singh,+917071605671,236679.21,228305.43,8373.78,19723.27,11,1,12,11.0,2026-03-01,2026-09-27,9,40.7,Low Risk,Overdue (9 days),https://pay.repayx.ai/inv/385369
385370,Sneha Choudhury,+917085357498,293620.04,284429.0,9191.04,24468.34,11,1,12,11.0,2026-03-01,2026-09-04,28,61.7,Medium Risk,Overdue (28 days),https://pay.repayx.ai/inv/385370
385371,Sonam Banerjee,+918745050544,430875.12,394350.74,36524.38,35906.26,10,2,12,11.0,2026-03-01,2026-09-07,35,79.1,High Risk,Overdue (35 days),https://pay.repayx.ai/inv/385371
385372,Suresh Kulkarni,+919464237172,322302.3,244023.27,78279.03,26858.52,9,3,12,11.0,2026-03-01,2026-09-21,66,90.0,High Risk,Overdue (66 days),https://pay.repayx.ai/inv/385372
385373,Swati Shah,+918614740436,447901.49,369138.42,78763.07,37325.12,9,3,12,11.0,2026-03-01,2026-09-11,40,78.0,High Risk,Overdue (40 days),https://pay.repayx.ai/inv/385373
385374,Tanvi Kapoor,+917078090647,117994.67,95094.16,22900.51,9832.89,9,3,12,11.0,2026-03-01,2026-09-18,22,54.4,Medium Risk,Overdue (22 days),https://pay.repayx.ai/inv/385374
385375,Tarun Mukherjee,+919334571018,409836.46,383264.2,26572.26,34153.04,11,1,12,11.0,2026-03-01,2026-09-08,31,73.0,High Risk,Overdue (31 days),https://pay.repayx.ai/inv/385375
385376,Utkarsh Chawla,+917059886371,167620.45,129045.74,38574.71,13968.37,9,3,12,11.0,2026-03-01,2026-09-16,65,89.5,High Risk,Overdue (65 days),https://pay.repayx.ai/inv/385376
385377,Varun Chopra,+919773380252,250190.95,193309.97,56880.98,20849.25,9,3,12,11.0,2026-03-01,2026-09-13,54,86.7,High Risk,Overdue (54 days),https://pay.repayx.ai/inv/385377
385378,Vedant Tiwari,+919936883353,444876.64,368529.75,76346.89,37073.05,9,3,12,11.0,2026-03-01,2026-09-15,24,81.0,High Risk,Overdue (24 days),https://pay.repayx.ai/inv/385378
385379,Vikas Menon,+919154644768,120729.71,90645.81,30083.9,10060.81,9,3,12,11.0,2026-03-01,2026-09-01,20,92.5,High Risk,Overdue (20 days),https://pay.repayx.ai/inv/385379
385380,Vikram Yadav,+919975709924,361900.98,292073.65,69827.33,30158.41,9,3,12,11.0,2026-03-01,2026-09-14,51,75.8,High Risk,Overdue (51 days),https://pay.repayx.ai/inv/385380
385381,Vinay Kohli,+919815063406,342263.63,308165.11,34098.52,28521.97,10,2,12,11.0,2026-03-01,2026-09-11,19,58.1,Medium Risk,Overdue (19 days),https://pay.repayx.ai/inv/385381
385382,Vishal Dubey,+918840368869,187739.91,178274.09,9465.82,15644.99,11,1,12,11.0,2026-03-01,2026-09-13,7,60.6,Medium Risk,Overdue (7 days),https://pay.repayx.ai/inv/385382
385383,Yash Sood,+918749034245,258115.36,235741.13,22374.23,21509.61,10,2,12,11.0,2026-03-01,2026-09-14,17,78.3,High Risk,Overdue (17 days),https://pay.repayx.ai/inv/385383
385384,Yuvraj Khanna,+917035290114,412757.69,394846.64,17911.05,34396.47,11,1,12,11.0,2026-03-01,2026-09-01,22,69.9,Medium Risk,Overdue (22 days),https://pay.repayx.ai/inv/385384
385385,Zoya Gupta,+919889147232,99264.79,72474.0,26790.79,8272.07,8,4,12,11.0,2026-03-01,2026-09-26,61,89.0,High Risk,Overdue (61 days),https://pay.repayx.ai/inv/385385
385386,Karthik Patel,+919416521231,69184.15,34046.28,35137.87,5765.35,5,7,12,11.0,2026-03-01,2026-09-27,49,92.9,High Risk,Overdue (49 days),https://pay.repayx.ai/inv/385386
385387,Senthil Nair,+919783454998,330747.29,284823.33,45923.96,27562.27,10,2,12,11.0,2026-03-01,2026-09-22,39,88.1,High Risk,Overdue (39 days),https://pay.repayx.ai/inv/385387
385388,Murugan Chatterjee,+919346235719,330290.54,304087.26,26203.28,27524.21,11,1,12,11.0,2026-03-01,2026-09-04,28,56.0,Medium Risk,Overdue (28 days),https://pay.repayx.ai/inv/385388
385389,Venkatesh Joshi,+919776805406,129899.75,92958.4,36941.35,10824.98,8,4,12,11.0,2026-03-01,2026-09-17,65,86.3,High Risk,Overdue (65 days),https://pay.repayx.ai/inv/385389
385390,Deepa Agarwal,+919883569939,133077.59,124865.39,8212.2,11089.8,11,1,12,11.0,2026-03-01,2026-09-11,5,33.8,Low Risk,Overdue (5 days),https://pay.repayx.ai/inv/385390
385391,Naveen Reddy,+919499794603,429778.41,405815.22,23963.19,35814.87,11,1,12,11.0,2026-03-01,2026-09-03,22,70.8,High Risk,Overdue (22 days),https://pay.repayx.ai/inv/385391
385392,Ashwin Pandey,+919149731424,70032.08,54378.89,15653.19,5836.01,9,3,12,11.0,2026-03-01,2026-09-28,14,52.0,Medium Risk,Overdue (14 days),https://pay.repayx.ai/inv/385392
385393,Lata Roy,+918625555976,353281.6,281574.66,71706.94,29440.13,9,3,12,11.0,2026-03-01,2026-09-28,35,77.9,High Risk,Overdue (35 days),https://pay.repayx.ai/inv/385393
385394,Sunita Nambiar,+919193457527,343227.18,303206.9,40020.28,28602.26,10,2,12,11.0,2026-03-01,2026-09-11,72,87.0,High Risk,Overdue (72 days),https://pay.repayx.ai/inv/385394
385395,Kamal Bhatt,+918674188958,309538.59,227063.82,82474.77,25794.88,8,4,12,11.0,2026-03-01,2026-09-04,32,80.7,High Risk,Overdue (32 days),https://pay.repayx.ai/inv/385395
385396,Ramesh Singhania,+919923920137,286300.12,202534.99,83765.13,23858.34,8,4,12,11.0,2026-03-01,2026-09-22,69,89.0,High Risk,Overdue (69 days),https://pay.repayx.ai/inv/385396
385397,Dinesh Thakur,+919827536261,245249.11,175045.1,70204.01,20437.43,8,4,12,11.0,2026-03-01,2026-09-15,54,86.1,High Risk,Overdue (54 days),https://pay.repayx.ai/inv/385397
385398,Suman Dhawan,+919387396519,139593.97,100540.03,39053.94,11632.83,8,4,12,11.0,2026-03-01,2026-09-28,60,77.2,High Risk,Overdue (60 days),https://pay.repayx.ai/inv/385398
385399,Reena Tripathi,+918698813650,242771.87,177833.0,64938.87,20230.99,8,4,12,11.0,2026-03-01,2026-09-21,21,83.8,High Risk,Overdue (21 days),https://pay.repayx.ai/inv/385399
385400,Meenakshi Kashyap,+919811562947,112770.95,57361.89,55409.06,9397.58,6,6,12,11.0,2026-03-01,2026-09-28,54,91.9,High Risk,Overdue (54 days),https://pay.repayx.ai/inv/385400
385401,Aarav Sharma,+918854411953,70140.29,1794.48,68345.81,5845.02,1,11,12,11.0,2026-03-01,2026-09-21,35,74.7,High Risk,Overdue (35 days),https://pay.repayx.ai/inv/385401
385402,Aditi Malhotra,+919470142774,249382.46,226100.81,23281.65,20781.87,10,2,12,11.0,2026-03-01,2026-09-16,43,91.3,High Risk,Overdue (43 days),https://pay.repayx.ai/inv/385402
385403,Advait Reddy,+919383698792,86358.22,66868.79,19489.43,7196.52,9,3,12,11.0,2026-03-01,2026-09-20,8,50.4,Medium Risk,Overdue (8 days),https://pay.repayx.ai/inv/385403
385404,Akash Iyer,+919155748676,71710.09,48089.44,23620.65,5975.84,8,4,12,11.0,2026-03-01,2026-09-15,27,67.8,Medium Risk,Overdue (27 days),https://pay.repayx.ai/inv/385404
385405,Alok Deshmukh,+917070737878,353727.98,295531.25,58196.73,29477.33,10,2,12,11.0,2026-03-01,2026-09-11,60,90.1,High Risk,Overdue (60 days),https://pay.repayx.ai/inv/385405
385406,Amit Mehta,+919360182714,68311.24,0.0,71594.15,5692.6,1,11,12,11.0,2026-03-01,2026-09-05,50,86.7,High Risk,Overdue (50 days),https://pay.repayx.ai/inv/385406
385407,Ananya Bhatia,+919436296134,422086.5,402447.02,19639.48,35173.88,11,1,12,11.0,2026-03-01,2026-09-15,15,64.9,Medium Risk,Overdue (15 days),https://pay.repayx.ai/inv/385407
385408,Anil Sundaram,+919894992096,285524.44,267738.17,17786.27,23793.7,11,1,12,11.0,2026-03-01,2026-09-15,20,53.8,Medium Risk,Overdue (20 days),https://pay.repayx.ai/inv/385408
385409,Aniruddh Saxena,+919881184297,271290.53,219509.29,51781.24,22607.54,9,3,12,11.0,2026-03-01,2026-09-19,46,85.5,High Risk,Overdue (46 days),https://pay.repayx.ai/inv/385409
385410,Anjali Hegde,+919433306944,101352.71,21634.83,79717.88,8446.06,2,10,12,11.0,2026-03-01,2026-09-20,26,83.5,High Risk,Overdue (26 days),https://pay.repayx.ai/inv/385410
385411,Ankit Mishra,+919443318046,435437.42,403521.27,31916.15,36286.45,11,1,12,11.0,2026-03-01,2026-09-15,20,56.4,Medium Risk,Overdue (20 days),https://pay.repayx.ai/inv/385411
385412,Anushka Pillai,+919350119441,269122.39,244456.75,24665.64,22426.87,10,2,12,11.0,2026-03-01,2026-09-24,30,52.8,Medium Risk,Overdue (30 days),https://pay.repayx.ai/inv/385412
385413,Arjun Bhardwaj,+918756344519,103068.69,97258.47,5810.22,8589.06,11,1,12,11.0,2026-03-01,2026-09-06,12,40.5,Low Risk,Overdue (12 days),https://pay.repayx.ai/inv/385413
385414,Arnav Garg,+917085467972,278255.28,238655.73,39599.55,23187.94,10,2,12,11.0,2026-03-01,2026-09-14,22,88.2,High Risk,Overdue (22 days),https://pay.repayx.ai/inv/385414
385415,Aryan Bansal,+919880159631,202348.13,179466.66,22881.47,16862.34,10,2,12,11.0,2026-03-01,2026-09-02,20,67.9,Medium Risk,Overdue (20 days),https://pay.repayx.ai/inv/385415
385416,Ayush Mahajan,+918729653285,326237.94,297455.27,28782.67,27186.49,10,2,12,11.0,2026-03-01,2026-09-25,33,89.6,High Risk,Overdue (33 days),https://pay.repayx.ai/inv/385416
385417,Bhavna Chhabra,+919340106027,274508.22,226184.39,48323.83,22875.68,9,3,12,11.0,2026-03-01,2026-09-26,54,79.6,High Risk,Overdue (54 days),https://pay.repayx.ai/inv/385417
385418,Chetan Verma,+918662016704,365244.61,338228.27,27016.34,30437.05,11,1,12,11.0,2026-03-01,2026-09-18,8,63.9,Medium Risk,Overdue (8 days),https://pay.repayx.ai/inv/385418
385419,Deepak Singh,+919140272606,331851.63,300244.79,31606.84,27654.3,10,2,12,11.0,2026-03-01,2026-09-25,70,89.5,High Risk,Overdue (70 days),https://pay.repayx.ai/inv/385419
385420,Dev Choudhury,+918849483865,443381.33,412217.9,31163.43,36948.44,11,1,12,11.0,2026-03-01,2026-09-06,61,89.3,High Risk,Overdue (61 days),https://pay.repayx.ai/inv/385420
385421,Divya Banerjee,+919345465638,283594.42,273537.93,10056.49,23632.87,11,1,12,11.0,2026-03-01,2026-09-11,15,52.4,Medium Risk,Overdue (15 days),https://pay.repayx.ai/inv/385421
385422,Gaurav Kulkarni,+917090111922,422952.75,402276.73,20676.02,35246.06,11,1,12,11.0,2026-03-01,2026-09-22,74,94.4,High Risk,Overdue (74 days),https://pay.repayx.ai/inv/385422
385423,Geeta Shah,+917080517332,123547.64,68686.91,54860.73,10295.64,6,6,12,11.0,2026-03-01,2026-09-17,19,90.6,High Risk,Overdue (19 days),https://pay.repayx.ai/inv/385423
385424,Harsh Kapoor,+918838635863,182426.61,137397.67,45028.94,15202.22,9,3,12,11.0,2026-03-01,2026-09-25,37,84.3,High Risk,Overdue (37 days),https://pay.repayx.ai/inv/385424
385425,Isha Mukherjee,+919825397719,228266.9,204672.2,23594.7,19022.24,10,2,12,11.0,2026-03-01,2026-09-20,27,59.5,Medium Risk,Overdue (27 days),https://pay.repayx.ai/inv/385425
385426,Ishaan Chawla,+918625216804,266094.93,262136.34,3958.59,22174.58,11,1,12,11.0,2026-03-01,2026-09-17,8,31.0,Low Risk,Overdue (8 days),https://pay.repayx.ai/inv/385426
385427,Jaya Chopra,+919115885670,310611.28,280738.04,29873.24,25884.27,10,2,12,11.0,2026-03-01,2026-09-03,21,57.5,Medium Risk,Overdue (21 days),https://pay.repayx.ai/inv/385427
385428,Kabir Tiwari,+919310983894,134312.59,119815.41,14497.18,11192.72,10,2,12,11.0,2026-03-01,2026-09-07,11,29.1,Low Risk,Overdue (11 days),https://pay.repayx.ai/inv/385428
385429,Karan Menon,+918696779969,78848.2,67146.1,11702.1,6570.68,10,2,12,11.0,2026-03-01,2026-09-01,24,58.5,Medium Risk,Overdue (24 days),https://pay.repayx.ai/inv/385429
385430,Kavita Yadav,+919943810519,279984.92,256121.02,23863.9,23332.08,10,2,12,11.0,2026-03-01,2026-09-09,18,79.0,High Risk,Overdue (18 days),https://pay.repayx.ai/inv/385430
385431,Kiran Kohli,+919862278055,263933.75,218835.73,45098.02,21994.48,9,3,12,11.0,2026-03-01,2026-09-20,35,82.0,High Risk,Overdue (35 days),https://pay.repayx.ai/inv/385431
385432,Kunal Dubey,+919758009699,92454.22,71404.59,21049.63,7704.52,9,3,12,11.0,2026-03-01,2026-09-10,69,89.5,High Risk,Overdue (69 days),https://pay.repayx.ai/inv/385432
385433,Madhav Sood,+918698680762,112529.39,79435.43,33093.96,9377.45,8,4,12,11.0,2026-03-01,2026-09-24,19,55.6,Medium Risk,Overdue (19 days),https://pay.repayx.ai/inv/385433
385434,Madhuri Khanna,+919950004466,415667.57,361104.03,54563.54,34638.96,10,2,12,11.0,2026-03-01,2026-09-24,55,90.8,High Risk,Overdue (55 days),https://pay.repayx.ai/inv/385434
385435,Manish Gupta,+919926540343,279087.44,269797.53,9289.91,23257.29,11,1,12,11.0,2026-03-01,2026-09-18,24,69.1,Medium Risk,Overdue (24 days),https://pay.repayx.ai/inv/385435
385436,Mayank Patel,+917038418851,308372.6,296267.19,12105.41,25697.72,11,1,12,11.0,2026-03-01,2026-09-06,14,32.5,Low Risk,Overdue (14 days),https://pay.repayx.ai/inv/385436
385437,Meera Nair,+919986140729,390555.09,355621.39,34933.7,32546.26,10,2,12,11.0,2026-03-01,2026-09-18,22,86.2,High Risk,Overdue (22 days),https://pay.repayx.ai/inv/385437
385438,Mohit Chatterjee,+918723180503,282238.26,244764.53,37473.73,23519.85,10,2,12,11.0,2026-03-01,2026-09-12,19,84.5,High Risk,Overdue (19 days),https://pay.repayx.ai/inv/385438
385439,Mukesh Joshi,+919735970938,230258.39,205555.37,24703.02,19188.2,10,2,12,11.0,2026-03-01,2026-09-10,54,87.2,High Risk,Overdue (54 days),https://pay.repayx.ai/inv/385439
385440,Neha Agarwal,+918632634412,148470.06,124731.65,23738.41,12372.5,10,2,12,11.0,2026-03-01,2026-09-24,17,53.0,Medium Risk,Overdue (17 days),https://pay.repayx.ai/inv/385440
385441,Nikhil Reddy,+917074418331,193496.64,175150.0,18346.64,16124.72,10,2,12,11.0,2026-03-01,2026-09-18,28,55.5,Medium Risk,Overdue (28 days),https://pay.repayx.ai/inv/385441
385442,Nisha Pandey,+919982292089,343417.85,319925.61,23492.24,28618.15,11,1,12,11.0,2026-03-01,2026-09-24,32,87.0,High Risk,Overdue (32 days),https://pay.repayx.ai/inv/385442
385443,Nitish Roy,+919487698748,286014.52,234033.57,51980.95,23834.54,9,3,12,11.0,2026-03-01,2026-09-18,16,71.0,High Risk,Overdue (16 days),https://pay.repayx.ai/inv/385443
385444,Pankaj Nambiar,+919959099345,406575.02,352416.65,54158.37,33881.25,10,2,12,11.0,2026-03-01,2026-09-28,56,93.3,High Risk,Overdue (56 days),https://pay.repayx.ai/inv/385444
385445,Pooja Bhatt,+917077399750,145552.32,93354.72,52197.6,12129.36,7,5,12,11.0,2026-03-01,2026-09-20,40,82.3,High Risk,Overdue (40 days),https://pay.repayx.ai/inv/385445
385446,Pranav Singhania,+919986015183,313765.32,301115.68,12649.64,26147.11,11,1,12,11.0,2026-03-01,2026-09-24,12,65.1,Medium Risk,Overdue (12 days),https://pay.repayx.ai/inv/385446
385447,Prateek Thakur,+918818437082,143607.47,133556.55,10050.92,11967.29,11,1,12,11.0,2026-03-01,2026-09-17,22,68.8,Medium Risk,Overdue (22 days),https://pay.repayx.ai/inv/385447
385448,Preeti Dhawan,+919815355917,179628.44,170727.19,8901.25,14969.04,11,1,12,11.0,2026-03-01,2026-09-17,10,33.9,Low Risk,Overdue (10 days),https://pay.repayx.ai/inv/385448
385449,Priya Tripathi,+919386525600,311470.13,283180.48,28289.65,25955.84,10,2,12,11.0,2026-03-01,2026-09-21,25,55.5,Medium Risk,Overdue (25 days),https://pay.repayx.ai/inv/385449
385450,Rahul Kashyap,+919364471218,397087.77,381546.52,15541.25,33090.65,11,1,12,11.0,2026-03-01,2026-09-16,14,51.6,Medium Risk,Overdue (14 days),https://pay.repayx.ai/inv/385450
385451,Rajesh Sharma,+919940868838,307390.8,275457.91,31932.89,25615.9,10,2,12,11.0,2026-03-01,2026-09-06,21,50.1,Medium Risk,Overdue (21 days),https://pay.repayx.ai/inv/385451
385452,Rakesh Malhotra,+918865648506,338102.26,265366.27,72735.99,28175.19,9,3,12,11.0,2026-03-01,2026-09-16,57,85.9,High Risk,Overdue (57 days),https://pay.repayx.ai/inv/385452
385453,Rani Reddy,+919842704875,279394.6,218028.23,61366.37,23282.88,9,3,12,11.0,2026-03-01,2026-09-21,41,85.6,High Risk,Overdue (41 days),https://pay.repayx.ai/inv/385453
385454,Rhea Iyer,+918734164229,212182.53,184342.57,27839.96,17681.88,10,2,12,11.0,2026-03-01,2026-09-21,25,93.2,High Risk,Overdue (25 days),https://pay.repayx.ai/inv/385454
385455,Rishabh Deshmukh,+919739070676,447110.33,384773.41,62336.92,37259.19,10,2,12,11.0,2026-03-01,2026-09-06,33,88.8,High Risk,Overdue (33 days),https://pay.repayx.ai/inv/385455
385456,Ritu Mehta,+919993646063,155808.28,128246.57,27561.71,12984.02,9,3,12,11.0,2026-03-01,2026-09-11,52,81.0,High Risk,Overdue (52 days),https://pay.repayx.ai/inv/385456
385457,Rohan Bhatia,+918627745355,130939.42,126647.73,4291.69,10911.62,11,1,12,11.0,2026-03-01,2026-09-17,9,39.6,Low Risk,Overdue (9 days),https://pay.repayx.ai/inv/385457
385458,Rohit Sundaram,+919192510102,401101.06,376357.77,24743.29,33425.09,11,1,12,11.0,2026-03-01,2026-09-25,12,66.5,Medium Risk,Overdue (12 days),https://pay.repayx.ai/inv/385458
385459,Sachin Saxena,+919310161088,359948.17,333216.14,26732.03,29995.68,11,1,12,11.0,2026-03-01,2026-09-17,53,82.8,High Risk,Overdue (53 days),https://pay.repayx.ai/inv/385459
385460,Sameer Hegde,+918874709513,202494.6,137752.53,64742.07,16874.55,8,4,12,11.0,2026-03-01,2026-09-24,42,92.8,High Risk,Overdue (42 days),https://pay.repayx.ai/inv/385460
385461,Sanjay Mishra,+919944160831,143005.16,132879.77,10125.39,11917.1,11,1,12,11.0,2026-03-01,2026-09-10,9,45.5,Low Risk,Overdue (9 days),https://pay.repayx.ai/inv/385461
385462,Sanya Pillai,+919887576121,257904.74,222631.81,35272.93,21492.06,10,2,12,11.0,2026-03-01,2026-09-07,15,84.4,High Risk,Overdue (15 days),https://pay.repayx.ai/inv/385462
385463,Shalini Bhardwaj,+918697453041,154521.16,136102.15,18419.01,12876.76,10,2,12,11.0,2026-03-01,2026-09-19,11,56.3,Medium Risk,Overdue (11 days),https://pay.repayx.ai/inv/385463
385464,Shivam Garg,+918865462544,273025.07,209424.49,63600.58,22752.09,9,3,12,11.0,2026-03-01,2026-09-18,63,77.5,High Risk,Overdue (63 days),https://pay.repayx.ai/inv/385464
385465,Shivani Bansal,+918628531242,313713.14,275167.38,38545.76,26142.76,10,2,12,11.0,2026-03-01,2026-09-15,37,77.0,High Risk,Overdue (37 days),https://pay.repayx.ai/inv/385465
385466,Shreya Mahajan,+918655424358,295610.15,284002.91,11607.24,24634.18,11,1,12,11.0,2026-03-01,2026-09-02,23,69.0,Medium Risk,Overdue (23 days),https://pay.repayx.ai/inv/385466
385467,Shubham Chhabra,+919973306295,224150.97,205796.5,18354.47,18679.25,11,1,12,11.0,2026-03-01,2026-09-08,20,95.1,High Risk,Overdue (20 days),https://pay.repayx.ai/inv/385467
385468,Siddharth Verma,+918692405066,164587.69,98046.54,66541.15,13715.64,7,5,12,11.0,2026-03-01,2026-09-02,74,86.0,High Risk,Overdue (74 days),https://pay.repayx.ai/inv/385468
385469,Simran Singh,+919837072687,422303.39,411440.04,10863.35,35191.95,11,1,12,11.0,2026-03-01,2026-09-07,10,45.1,Low Risk,Overdue (10 days),https://pay.repayx.ai/inv/385469
385470,Sneha Choudhury,+919432747608,193896.0,141336.49,52559.51,16158.0,8,4,12,11.0,2026-03-01,2026-09-06,29,85.8,High Risk,Overdue (29 days),https://pay.repayx.ai/inv/385470
385471,Sonam Banerjee,+918664418707,257097.08,212335.02,44762.06,21424.76,9,3,12,11.0,2026-03-01,2026-09-03,57,77.5,High Risk,Overdue (57 days),https://pay.repayx.ai/inv/385471
385472,Suresh Kulkarni,+919456720553,376205.95,364355.35,11850.6,31350.5,11,1,12,11.0,2026-03-01,2026-09-07,11,38.5,Low Risk,Overdue (11 days),https://pay.repayx.ai/inv/385472
385473,Swati Shah,+918677946127,78954.39,60642.74,18311.65,6579.53,9,3,12,11.0,2026-03-01,2026-09-04,26,80.8,High Risk,Overdue (26 days),https://pay.repayx.ai/inv/385473
385474,Tanvi Kapoor,+918769427400,275267.44,243488.5,31778.94,22938.95,10,2,12,11.0,2026-03-01,2026-09-25,25,69.1,Medium Risk,Overdue (25 days),https://pay.repayx.ai/inv/385474
385475,Tarun Mukherjee,+919413670948,153127.91,89461.07,63666.84,12760.66,7,5,12,11.0,2026-03-01,2026-09-26,72,90.3,High Risk,Overdue (72 days),https://pay.repayx.ai/inv/385475
385476,Utkarsh Chawla,+918657391778,53889.28,47745.08,6144.2,4490.77,10,2,12,11.0,2026-03-01,2026-09-08,8,41.6,Low Risk,Overdue (8 days),https://pay.repayx.ai/inv/385476
385477,Varun Chopra,+919784430642,240622.18,172453.38,68168.8,20051.85,8,4,12,11.0,2026-03-01,2026-09-19,36,80.7,High Risk,Overdue (36 days),https://pay.repayx.ai/inv/385477
385478,Vedant Tiwari,+918876974557,143944.55,80176.36,63768.19,11995.38,6,6,12,11.0,2026-03-01,2026-09-09,73,94.7,High Risk,Overdue (73 days),https://pay.repayx.ai/inv/385478
385479,Vikas Menon,+917030937370,97951.4,63221.81,34729.59,8162.62,7,5,12,11.0,2026-03-01,2026-09-22,54,75.7,High Risk,Overdue (54 days),https://pay.repayx.ai/inv/385479
385480,Vikram Yadav,+919159821155,246936.15,171511.16,75424.99,20578.01,8,4,12,11.0,2026-03-01,2026-09-19,17,70.7,High Risk,Overdue (17 days),https://pay.repayx.ai/inv/385480
385481,Vinay Kohli,+918763402482,280666.07,246071.81,34594.26,23388.84,10,2,12,11.0,2026-03-01,2026-09-26,23,59.8,Medium Risk,Overdue (23 days),https://pay.repayx.ai/inv/385481
385482,Vishal Dubey,+918633461307,98147.27,77965.57,20181.7,8178.94,9,3,12,11.0,2026-03-01,2026-09-11,37,94.5,High Risk,Overdue (37 days),https://pay.repayx.ai/inv/385482
385483,Yash Sood,+919753679307,394736.81,380257.25,14479.56,32894.73,11,1,12,11.0,2026-03-01,2026-09-09,25,50.2,Medium Risk,Overdue (25 days),https://pay.repayx.ai/inv/385483
385484,Yuvraj Khanna,+919976943778,217637.18,158560.55,59076.63,18136.43,8,4,12,11.0,2026-03-01,2026-09-12,38,82.5,High Risk,Overdue (38 days),https://pay.repayx.ai/inv/385484
385485,Zoya Gupta,+919440677709,338326.18,324649.06,13677.12,28193.85,11,1,12,11.0,2026-03-01,2026-09-18,11,55.6,Medium Risk,Overdue (11 days),https://pay.repayx.ai/inv/385485
385486,Karthik Patel,+919973483243,120642.91,92871.38,27771.53,10053.58,9,3,12,11.0,2026-03-01,2026-09-28,62,80.2,High Risk,Overdue (62 days),https://pay.repayx.ai/inv/385486
385487,Senthil Nair,+918743685164,277133.81,259924.9,17208.91,23094.48,11,1,12,11.0,2026-03-01,2026-09-23,22,60.7,Medium Risk,Overdue (22 days),https://pay.repayx.ai/inv/385487
385488,Murugan Chatterjee,+919770378491,153907.65,118870.24,35037.41,12825.64,9,3,12,11.0,2026-03-01,2026-09-18,68,76.0,High Risk,Overdue (68 days),https://pay.repayx.ai/inv/385488
385489,Venkatesh Joshi,+917091279039,280357.78,276629.67,3728.11,23363.15,11,1,12,11.0,2026-03-01,2026-09-06,4,31.3,Low Risk,Overdue (4 days),https://pay.repayx.ai/inv/385489
385490,Deepa Agarwal,+919169985944,202428.4,195189.86,7238.54,16869.03,11,1,12,11.0,2026-03-01,2026-09-21,11,32.0,Low Risk,Overdue (11 days),https://pay.repayx.ai/inv/385490
385491,Naveen Reddy,+918694728082,211909.09,201042.41,10866.68,17659.09,11,1,12,11.0,2026-03-01,2026-09-03,8,46.3,Low Risk,Overdue (8 days),https://pay.repayx.ai/inv/385491
385492,Ashwin Pandey,+918791253395,158499.24,119268.4,39230.84,13208.27,9,3,12,11.0,2026-03-01,2026-09-28,33,76.3,High Risk,Overdue (33 days),https://pay.repayx.ai/inv/385492
385493,Lata Roy,+918632457056,59240.44,49749.68,9490.76,4936.7,10,2,12,11.0,2026-03-01,2026-09-22,10,43.3,Low Risk,Overdue (10 days),https://pay.repayx.ai/inv/385493
385494,Sunita Nambiar,+919963290556,75516.96,7284.4,68232.56,6293.08,1,11,12,11.0,2026-03-01,2026-09-18,28,89.5,High Risk,Overdue (28 days),https://pay.repayx.ai/inv/385494
385495,Kamal Bhatt,+919745225746,83724.51,30617.66,53106.85,6977.04,4,8,12,11.0,2026-03-01,2026-09-13,20,90.2,High Risk,Overdue (20 days),https://pay.repayx.ai/inv/385495
385496,Ramesh Singhania,+919927619715,118243.19,81203.45,37039.74,9853.6,8,4,12,11.0,2026-03-01,2026-09-12,55,76.8,High Risk,Overdue (55 days),https://pay.repayx.ai/inv/385496
385497,Dinesh Thakur,+918783624500,437816.91,416436.89,21380.02,36484.74,11,1,12,11.0,2026-03-01,2026-09-06,24,56.5,Medium Risk,Overdue (24 days),https://pay.repayx.ai/inv/385497
385498,Suman Dhawan,+919468381674,305811.3,237634.22,68177.08,25484.27,9,3,12,11.0,2026-03-01,2026-09-12,71,82.1,High Risk,Overdue (71 days),https://pay.repayx.ai/inv/385498
385499,Reena Tripathi,+917065325058,171429.17,147429.05,24000.12,14285.76,10,2,12,11.0,2026-03-01,2026-09-27,34,76.3,High Risk,Overdue (34 days),https://pay.repayx.ai/inv/385499
385500,Meenakshi Kashyap,+919876025948,240826.83,224371.01,16455.82,20068.9,11,1,12,11.0,2026-03-01,2026-09-14,24,52.7,Medium Risk,Overdue (24 days),https://pay.repayx.ai/inv/385500
